観光地名,短文説明,タグ,住所,緯度経度,画像,電話番号,ホームページ,Twitter,Instagram,Youtube,GoogleMapリンク,インフォ,詳細説明,追加画像1,追加画像2,追加画像3,追加画像4
加茂総社宮,,加茂大祭 散策　歴史・文化　癒し　神社・仏閣　祭り　自然,吉備中央町加茂市場1567,"34.8658098,133.7559894",https://kibichuo-kanko.jp/kanko/wp-content/uploads/2023/09/407edae8b79f03a9a1b8d90f94fbc37a-1024x682.jpg,,,,,,"https://maps.google.com/maps?q=%E5%90%89%E5%82%99%E4%B8%AD%E5%A4%AE%E7%94%BA%E5%8A%A0%E8%8C%82%E5%B8%82%E5%A0%B41567&#038;zoom=14&#038;size=512x512&#038;maptype=roadmap&#038;sensor=false""",,"光仁天皇の宝亀二年(７７１)に加茂三十八か村の総氏神として建てられました。応仁から明応年間まで、戦乱のため仮社となりましたが、永正年間、虎倉城主 伊賀久隆の崇敬を受け、社殿を新築し社領百石の寄進を受けて加茂大祭も復活しました。しかし天文年間、伊賀氏も備中松山城三村家親に敗れて社領は没収されました。その後寛文九年(１６６９)岡山藩主池田光政公祈願として社殿を新築、神領六石を寄進されました。

本殿に奉納されている木額（文化六年己巳九月）は風雨にさらされ、板面は凸凹していて判別しにくいが、その文中に素戔嗚尊、高祖山最高峰（海抜３２６メートル）に仮の宮を定め、尊の頭文字素の一字を取り素社宮と書き、郷民はソウジャ宮と唱えたことが記されています。さらに御子大己貴神（大国主命）を祀り、後年には山麓の平地（元神村で今の元兼）に宮造御遷宮をし、素を惣の字に改め惣社宮と呼びました。

昔、惣社宮であったことは、石の大鳥居の社名彫刻でも推察できます。総社棟札によると「一国之尊神而萬之霊鎮也」とあって、加茂郷諸社中鎮座最も古く、備前国総神明帳に津高郡十社の内、従四位神の明神と記録されているのは当社のことで、近隣諸社の総元締めであることは、千年近くの歴史を誇る加茂大祭の伝統ある神事が物語っています。",,,,
陸えび商店,,カフェ　グルメ,〒709-2343 岡山県加賀郡吉備中央町竹部2164−65,"34.8349596,133.763276",https://kibichuo-kanko.jp/kanko/wp-content/uploads/2023/09/IMG_8985-600x400.jpg,0867-34-9855,https://www.okaebi.co.jp/,,https://www.instagram.com/okaebisyouten_5656/,,"https://www.google.com/maps/place/cafebar/@34.834964,133.7607011,17z/data=!3m1!4b1!4m6!3m5!1s0x3556a9d929d82391:0x8496fecfd69a565e!8m2!3d34.8349596!4d133.763276!16sg11kqg44qx4?entry=ttu","#### 定休日 
日曜
#### 営業時間 
15時～21時","吉備中央町を拠点に昆虫食事業に取り組む「陸えびJAPAN」が

2023年8月に事務所を改装し、カフェ＆バーをオープン。

 

町の交流の場として地域コミュニティの活性化を目指しています。",,,,
重森三玲 生家跡,,散策　歴史・文化　記念館・資料館　重森三玲,岡山県加賀郡吉備中央町吉川,"34.8188504,133.7069552",https://kibichuo-kanko.jp/kanko/wp-content/uploads/2023/07/mirei_born001.jpg,,,,,,https://www.google.com/maps?q=%E5%B2%A1%E5%B1%B1%E7%9C%8C%E5%8A%A0%E8%B3%80%E9%83%A1%E5%90%89%E5%82%99%E4%B8%AD%E5%A4%AE%E7%94%BA%E5%90%89%E5%B7%9D&zoom=14&size=512x512&maptype=roadmap&sensor=false,,"三玲処女作の先代天籟庵庭園は、生家跡の最奥部に大仙院庭園を思わせる枯滝石組のある枯山水庭園です。
建物が全てなくなった生家跡に、滝から流れ出した砂の河が、南へ南へとゆったりと流れており、まるで生家跡の守護神のようで、この姿は現在も不変です。
地域の皆様のボランティア活動により現在も維持されています。

 

「重森三玲記念館」と合わせて見学してみて下さい。
◆重森三玲記念館

重森三玲・・・
日本美術学校で日本画を学び、その後造園、庭園学を独学で学び、氏独特のモダンを取り入れた枯山水庭園を各地に残す一方で、日本の伝統美である茶道、華道の奥義を極め、全国各地の古庭園の鑑別保存調査事業も行うなど、日本庭園界に多大なる功績を与えました。吉備中央町吉川地区出身。",,,,
cafe 池ノ上,,カフェ グルメ スイーツ ツーリング デート テイクアウト ランチ 古民家 癒し,吉備中央町上田東1355,"34.9010831,133.8005454",https://kibichuo-kanko.jp/kanko/wp-content/uploads/2023/03/ikenoue02-1024x683.jpeg,080-8523-2626,,,https://www.instagram.com/ike_no_ue/,,"https://maps.google.com/maps?q=%E5%90%89%E5%82%99%E4%B8%AD%E5%A4%AE%E7%94%BA%E4%B8%8A%E7%94%B0%E6%9D%B11355&#038;zoom=14&#038;size=512x512&#038;maptype=roadmap&#038;sensor=false""","#### 定休日　
火・金曜 (※臨時休業あり/詳しくはInstagramにて)

#### 営業時間　
11:00～17:00 (ランチは 14:00 まで)

※農家民宿の受入により短縮営業の可能性有","農家民宿を営んでいる「池ノ上」によって

2023年3月に新たにオープンした古民家カフェ。

 

昔ながらの温もりある店内とそこから望む庭園を目で楽しみ

美味しいランチやスイーツを舌で楽しむ。

癒されること間違いなしです。

 

※掲載情報は変更となる場合がございます。
最新情報・詳細につきましては各スポットまでお問い合わせください。",,,,
にじいろ広場,,アウトドア アクティビティ ファミリー,〒716-1241 岡山県加賀郡吉備中央町吉川４８６０−６,"34.8347066,133.759608",https://kibichuo-kanko.jp/kanko/wp-content/uploads/2023/04/7d7e77fef53aae589ee8702669c36cac-600x400.png,0866567010,,,,,"https://www.google.co.jp/maps/place//@34.8347066,133.759608,17.78z/data=!4m12!1m6!3m5!1s0x3556a863582fa1df:0x7d3575166ebe1035!2z5ZCJ5YKZ6auY5Y6f44Kw44Op44Km44Oz44OJ44K044Or44OV5aC0!8m2!3d34.8331535!4d133.757232!3m4!1s0x0:0xe30cbf28c9d22049!8m2!3d34.8348996!4d133.759455?hl=ja","#### 水遊び場運転日　
5月～9月の土日祝
※7月20日〜8月30日は毎日運転

#### 運転時間　
10:00～15:00",きびプラザ屋外にある、児童用コンビネーション遊具・ネットクライミング遊具・幼児用コンビネーション遊具・夏季限定の水遊び場が設置されているエリアです。,,,,
吉備中央公園,,アウトドア アクティビティ デート ファミリー 散策 桜 癒し 自然,〒716-1241 岡山県加賀郡吉備中央町吉川４４６９−４６,"34.8332598,133.7542623",https://kibichuo-kanko.jp/kanko/wp-content/uploads/2023/04/f2c356b4d95a3b8dd70b3766b06a58fd-600x400.png,0866569377,,,,,"https://www.google.co.jp/maps/place//@34.8332598,133.7542623,16.74z/data=!4m12!1m6!3m5!1s0x3556a863582fa1df:0x7d3575166ebe1035!2z5ZCJ5YKZ6auY5Y6f44Kw44Op44Km44Oz44OJ44K044Or44OV5aC0!8m2!3d34.8331535!4d133.757232!3m4!1s0x3556a864c463b763:0x7bd11a87448cf9f2!8m2!3d34.8321622!4d133.7589827?hl=ja",,さんさん広場の泉の水がカスケードとして流れ、中央部には石張り舗装の出会いの広場からプロムナードを通じて水上ステージにつながる施設や多目的広場が整備されています。10haにおよぶ公園の敷地には、吉備津彦と温羅のモニュメント「花の広場」「出会いの広場」「水上ステージ」があり、四季折々の花々も楽しめます。,,,,
吉備高原グラウンド･ゴルフ場,,アウトドア スポーツ,〒716-1241 岡山県加賀郡吉備中央町吉川４４６９−４６,"34.8331535,133.757232",https://kibichuo-kanko.jp/kanko/wp-content/uploads/2023/01/287b7adc305003a9f5fe7a5fda886a93.jpg,866569191,https://www.town.kibichuo.lg.jp/site/kanko/5314.html,,,,"https://www.google.co.jp/maps/place//@34.8331535,133.7550433,17z/data=!3m1!4b1!4m5!3m4!1s0x3556a863582fa1df:0x7d3575166ebe1035!8m2!3d34.8331535!4d133.757232?hl=ja","#### 営業時間　
9:00～17:00

#### 予約方法・使用料
町のHPまたはお電話にてご確認ください","吉備中央公園にあるグラウンドゴルフ協会の認定ゴルフ場です。

「障害者や初心者も楽しめる初級者コース」と、「自然を生かし起伏に富んだ上級コース」の2コースが整備されています。

 

※掲載情報は変更となる場合がございます。
最新情報・詳細につきましては各スポットまでお問い合わせください。",,,,
かもがわ総合スポーツ公園,,アウトドア アクティビティ スポーツ,〒709-2411 岡山県加賀郡吉備中央町上田東２３６０−３,"34.8956378,133.8208334",https://kibichuo-kanko.jp/kanko/wp-content/uploads/2023/01/b5067ff49d55d7b84c3e758395f58022.jpg,0867341165,https://www.town.kibichuo.lg.jp/site/kanko/5313.html,,,,"https://www.google.co.jp/maps/place//@34.8956378,133.8186447,17z/data=!3m1!4b1!4m5!3m4!1s0x35541e6514b900cf:0x5d7d9c40ab8109b4!8m2!3d34.8956378!4d133.8208334?hl=ja","#### 定休日　
月曜・祝日

#### 営業時間(事務所)　
平日：8:30～19:15 休日：8:30〜17:15

各種施設利用料・時間
町のHPをご覧ください","多目的広場、野球場、テニスコート、グラウンドゴルフ場、体育館が整備された、総合スポーツ施設です。

空調完備、炊事場、更衣室・シャワールーム、宿泊もできる大部屋の和室、ミーティングルームなど

スポーツ合宿をはじめとした団体利用に十分な設備が整っています。

 

※掲載情報は変更となる場合がございます。
最新情報・詳細につきましては各スポットまでお問い合わせください。",,,,
大平山いこいの森,,アウトドア 紅葉 自然 雲海,〒716-1101 岡山県加賀郡吉備中央町豊野,"34.8936321,133.7055723",https://kibichuo-kanko.jp/kanko/wp-content/uploads/2023/01/e4dad4628b61ea23a8becc575d1a8f6b.jpg,,,,,,"https://www.google.co.jp/maps/place//@34.8936321,133.7033836,17z/data=!3m1!4b1!4m5!3m4!1s0x3556a56ec6511d9d:0x6010e3a6640a5b8f!8m2!3d34.8936321!4d133.7055723?hl=ja",,"吉備中央町の最高峰・大平山（標高697m）。山頂周辺は「大平山いこいの森」として整備され、

「高爽の森」「憩の森」「水守の森」「育成の森」と4つのゾーンに分かれています。

林内の遊歩道は歩くと柔らかな感触のチップ舗装が施されており、散策にもってこい。

野鳥のさえずりに耳を傾けながら、マイナスイオンをたっぷり浴びれば、身体も心も癒されます。

 

※山道は大変細くなっております。車でお越しの際は特にお気を付けください",,,,
いわくら公園,,アウトドア 散策 桜 自然,〒709-2413 岡山県加賀郡吉備中央町上田西,"34.8818573,133.8069016",https://kibichuo-kanko.jp/kanko/wp-content/uploads/2023/01/f37cc5161b87b9a0d1523f4e25ae7ca5.jpg,,,,,,"https://www.google.co.jp/maps/place/+/@34.8818573,133.8047129,17z/data=!3m1!4b1!4m5!3m4!1s0x35541d56e5b6204f:0xc6be5bfa0cbbb987!8m2!3d34.8818573!4d133.8069016?hl=ja",,標高394.2mの岩倉山からは、360度のパノラマが見渡せます。園内には中心点を表現したモニュメントや休憩所が設けられていて、誰でも気軽に利用できる、自然レクリェーションの森として親しまれています。,,,,
大和山,,"アウトドア 自然
",〒716-1551 岡山県加賀郡吉備中央町北,"34.8246076,133.6931042",https://kibichuo-kanko.jp/kanko/wp-content/uploads/2023/01/eed61ec75dc469f3ae7e4f4588110a52.jpg,,,,,,"https://www.google.co.jp/maps/place//@34.8246073,133.6843494,15z/data=!3m1!4b1!4m5!3m4!1s0x3556aee854eebc6b:0x659918c3f9f006fe!8m2!3d34.8246081!4d133.6931042?hl=ja",,"山頂（標高608m）には目印となる雨量レーダーがあり、晴天の日には瀬戸内海が望めます。

道の駅かようからの登山道は、「ことわざの道」として整備されています。

また、山頂にはどんな日照りにも枯れたことがないといわれる「龍王の泉」や岡崎嘉平太氏の望郷の碑があります。",,,,
加茂川歴史民俗資料館,,"歴史・文化 記念館・資料館
",〒709-2331 岡山県加賀郡吉備中央町下加茂１１０３−３,"34.8605736,133.8103871",https://kibichuo-kanko.jp/kanko/wp-content/uploads/2023/01/7b4c6237a262466b31a6475df8ba1db2.jpg,0866569191,,,,,"https://www.google.co.jp/maps/place//@34.8605736,133.8103871,17z/data=!4m5!3m4!1s0x35541da301602be1:0xf3028cfd8882af03!8m2!3d34.860573!4d133.8125521?hl=ja","#### 営業日　
土曜・日曜・祝日

#### 営業時間　
10:00～16:00","生活用具、農具、年中行事用具など800点余りを一堂に展示し保存。

先人たちによって長い間築かれてきた生活の足跡を一目で見ることができます。

 

※掲載情報は変更となる場合がございます。
最新情報・詳細につきましては各スポットまでお問い合わせください。",,,,
きびちゅうおうのみんなの水車,,米 自然,〒709-2554 岡山県加賀郡吉備中央町和田101,"34.8900619,133.7394909",https://kibichuo-kanko.jp/kanko/wp-content/uploads/2023/01/suisha-e1673238621247.png,09041701577,,,,https://youtu.be/PxgyFyEFHdY,"https://www.google.com/maps/place/%E3%80%92709-2554+%E5%B2%A1%E5%B1%B1%E7%9C%8C%E5%8A%A0%E8%B3%80%E9%83%A1%E5%90%89%E5%82%99%E4%B8%AD%E5%A4%AE%E7%94%BA%E5%92%8C%E7%94%B0/@34.8900602,133.7188913,14z/data=!3m1!4b1!4m6!3m5!1s0x3556a6f6b8170795:0x1129069d70ca8f7c!8m2!3d34.8915048!4d133.7381978!16s%2Fg%2F1pxykmvw9?entry=ttu","#### 使用料　
町内の方：1000円　町外の方：1500円

#### 注意事項　
一回の精米に9～12時間かかります。玄米の持ち込みは15kg～60kgまで","和田地区に眠っていた精米水車を2017年に地域おこし協力隊員と有志の地域住民の手により再生しました。現在は一般の方がご利用できる精米所として稼働しています。また「食育」や「自然エネルギー」をテーマにした水車体験会やワークショップなどの受け入れもおこなっています。

水の力が車輪を回し、杵と臼で12時間かけて精米した昔ながらの〈水車米〉の味は、地域の方々のお墨付き。熱が生じないためデンプン質が分解されず、お米本来の旨味を損ないません。また、胚芽が残るので栄養価も高く、火で炊くとより一層美味しくいただけます。この水車から生まれる水車米は、ふるさと納税の返礼品にもなっています。

 

※掲載情報は変更となる場合がございます。
最新情報・詳細につきましては各スポットまでお問い合わせください。",,,,
吉備中央公園テニスコート,,"アウトドア スポーツ
",〒716-1241 岡山県加賀郡吉備中央町吉川４４６９−４６ 吉備中央公園内,"34.8322672,133.7546598",https://kibichuo-kanko.jp/kanko/wp-content/uploads/2023/01/tennis-600x400.jpg,0866568255,"http://www.kibicity.ne.jp/facility/tennis.html
",,,,"https://www.google.co.jp/maps/place//@34.8322672,133.7546598,17z/data=!4m10!1m2!2m1!1z44OG44OL44K544Kz44O844OI!3m6!1s0x3556a91431e81d35:0x964edcdb5cbdf0ec!8m2!3d34.8322672!4d133.7584486!15sChLjg4bjg4vjgrnjgrPjg7zjg4iSAQx0ZW5uaXNfY291cnTgAQA!16sg11q2612yb_?hl=ja","#### 使用時間 
9:00～17:00

#### 使用料金
1時間 500円
回数券(6時間分) 2500円

####注意事項 
更衣室、照明設備はありません","吉備中央公園内にある屋外テニスコートです。人工芝(オムニコート)２面が整備されています。

ご予約は、利用前の平日 8:30～17:00 にきびプラザ1F管理センターで受付しています。

 

※掲載情報は変更となる場合がございます。
最新情報・詳細につきましては各スポットまでお問い合わせください。",,,,
下加茂プレーパーク,,アウトドア アクティビティ スポーツ 自然,〒709-2331 岡山県加賀郡吉備中央町下加茂１１０３−３,"34.8322672,133.7546598",https://kibichuo-kanko.jp/kanko/wp-content/uploads/2023/01/48ca8c4ee4c9fe608ff3288c0531b139.jpg,0866541319,,,,,https://www.google.com/maps?q=%E3%80%92709-2331+%E5%B2%A1%E5%B1%B1%E7%9C%8C%E5%8A%A0%E8%B3%80%E9%83%A1%E5%90%89%E5%82%99%E4%B8%AD%E5%A4%AE%E7%94%BA%E4%B8%8B%E5%8A%A0%E8%8C%82&zoom=14&size=512x512&maptype=roadmap&sensor=false,"#### 使用料
無料(観光農園を除く)
※独占使用する場合は料金を頂きます","河川敷に整備された大きな広場。

ラジコンサーキット場、ローラースケート場、バーベキュー広場、ゲートボール場、その他体験農園もあり

自然の中で憩いのひとときを満喫できます。

 

お問合せ：吉備中央町 建設課(0866-54-1319)

 

※掲載情報は変更となる場合がございます。
最新情報・詳細につきましては各スポットまでお問い合わせください。",,,,
コーンファミリー上田牧場,,アクティビティ 買い物 農産物 野菜,〒716-1552 岡山県加賀郡吉備中央町岨谷１１０,"34.797212,133.7044543",https://kibichuo-kanko.jp/kanko/wp-content/uploads/2023/01/ueda2-600x400.jpg,0866555415,,,,,"https://www.google.co.jp/maps/place//@34.797212,133.7022656,17z/data=!3m1!4b1!4m5!3m4!1s0x3556aff7ddc3b0c3:0x4b4d3efa2ae5dce2!8m2!3d34.797212!4d133.7044543?hl=ja","#### 営業時間
9:00～17:00

#### 体験料
1,000円(とうもろこし2本付き)","夫婦二人の愛情を一杯で育った生で食べれるトウモロコシ「味未390」を

人や牛、ヤギとのふれあいを楽しみながら収穫体験をすることができます。

 

※掲載情報は変更となる場合がございます。
　最新情報・詳細につきましては各スポットまでお問い合わせください。",,,,
道の駅かもがわ円城 ふれあいの館,,くさぎ菜のかけめし グルメ ランチ 和食,〒709-2413 岡山県加賀郡吉備中央町上田西２３２５−１,"34.8922993,133.8131108",https://kibichuo-kanko.jp/kanko/wp-content/uploads/2023/01/091b7abed24c8603ab897940095842c1.jpg,0867341717,,,,,"https://www.google.co.jp/maps/place/+/@34.8922993,133.8131108,19.26z/data=!4m8!1m2!2m1!1z6YGT44Gu6aeFIOOBi-OCguOBjOOCj-WGhuWfjuOAgOOBteOCjOOBguOBhA!3m4!1s0x35541e74164b3743:0xca154638e8e5df85!8m2!3d34.8922967!4d133.8139644?hl=ja","#### 定休日
水曜、年末年始

#### 営業時間
10:30〜16:00","道の駅かもがわ円城の休憩所の隣にある飲食店。
うどんを中心に、加茂川キムチや吉備中央町の伝統料理「くさぎ菜のかけめし」等を堪能できます。

 

※掲載情報は変更となる場合がございます。
最新情報・詳細につきましては各スポットまでお問い合わせください。

",,,,
田吾作,,グルメ ディナー ラーメン ランチ,〒716-1101 岡山県加賀郡吉備中央町豊野６７２６,"34.8796887,133.6812632",https://kibichuo-kanko.jp/kanko/wp-content/uploads/2023/01/tagosaku-600x400.jpg,0866540080,,,,,"https://www.google.co.jp/maps/place//@34.8796887,133.6812632,13.12z/data=!4m10!1m2!2m1!1z55Sw5ZC-5L2c!3m6!1s0x3556a667d2310deb:0xd5fdb066ebb385f1!8m2!3d34.881661!4d133.7312762!15sCgnnlLDlkL7kvZxaCyIJ55Sw5ZC-5L2ckgEQcmFtZW5fcmVzdGF1cmFudJoBJENoZERTVWhOTUc5blMwVkpRMEZuU1VOcGFtUlBhalZuUlJBQuABAA!16sg11c3v6k8gt?hl=ja","#### 定休日
火曜

#### 営業時間
17:00〜（日曜日は12:00〜）","山里にある古民家ラーメン店。

豚骨を砕き１２時間煮込んだスープで作り上げる豚骨ラーメンが大将の一押し。

自慢のスープをぜひ御賞味ください。一品料理も充実していますよ。

 

※掲載情報は変更となる場合がございます。
　最新情報・詳細につきましては各スポットまでお問い合わせください。",,,,
中国飯店 北京,,グルメ ディナー ラーメン ランチ レストラン 中華料理,〒716-1131 岡山県加賀郡吉備中央町上竹４６０８,"34.8409852,133.6650024",https://kibichuo-kanko.jp/kanko/wp-content/uploads/2023/01/pekin-600x400.jpg,0866-54-0141,,,,,"https://www.google.co.jp/maps/place/+/@34.8409852,133.6650024,15z/data=!4m5!3m4!1s0x3556ae55cadcb561:0xf745d353eedb0bdf!8m2!3d34.8410049!4d133.6734697?hl=ja","#### 営業日
火～土曜、第３日曜　※不定休有

#### 営業時間
11:00〜14:00（ラストオーダー13:30）

","昔ながらの中華料理店です。

 

※掲載情報は変更となる場合がございます。
最新情報・詳細につきましては各スポットまでお問い合わせください。",,,,
ふる里,,グルメ ランチ レストラン 和食,〒716-1554 岡山県加賀郡吉備中央町西１５０３,"34.7491951,133.799416",https://kibichuo-kanko.jp/kanko/wp-content/uploads/2023/01/hurusato2-600x400.jpg,"0866556313
",,,,,"https://www.google.co.jp/maps/place//@34.8327811,133.7597702,16.22z/data=!4m12!1m6!3m5!1s0x3556a86fec42ca27:0xd501b11b040cf810!2z44GK6aOf5LqL5YemIOahgiDvvIjjgYvjgojjgYbpnZLnqbrluILvvIk!8m2!3d34.8302035!4d133.7628296!3m4!1s0x0:0x89e236f5e6cd9349!8m2!3d34.8351003!4d133.7606467?hl=ja","#### 定休日
水曜

#### 営業時間
11:00〜15:00 17:00〜20:00","焼き肉を中心に和食も取り揃えていて、様々な好みに対応できるお食事処。

畳の部屋もあり、広々とした店内は小団体のお食事も受入可能となっています。

 

※掲載情報は変更となる場合がございます。
最新情報・詳細につきましては各スポットまでお問い合わせください。",,,,
郷土料理まきば,,グルメ スイーツ テイクアウト ラーメン ランチ レストラン 和食,〒716-1241 岡山県加賀郡吉備中央町吉川４８６０−６,"34.8327811,133.7597702",https://kibichuo-kanko.jp/kanko/wp-content/uploads/2023/01/7c7417d8035ad5b0e0680e84f14f1d73.jpg,0866568326,,,,,"https://www.google.co.jp/maps/place//@34.8327811,133.7597702,16.22z/data=!4m12!1m6!3m5!1s0x3556a86fec42ca27:0xd501b11b040cf810!2z44GK6aOf5LqL5YemIOahgiDvvIjjgYvjgojjgYbpnZLnqbrluILvvIk!8m2!3d34.8302035!4d133.7628296!3m4!1s0x0:0x89e236f5e6cd9349!8m2!3d34.8351003!4d133.7606467?hl=ja","#### 定休日
火曜

#### 営業時間
10:00～19:40 (ラストオーダー19:00)","吉備中央町の郷土料理「くさぎ菜のかけめし」が食べられる、きびプラザにあるお店です。

その他に和定食、うどん等もあります。お持ち帰りも可。

 

※掲載情報は変更となる場合がございます。
　最新情報・詳細につきましては各スポットまでお問い合わせください。",,,,
お食事処 桂,,グルメ ツーリング ディナー ランチ 和食,〒716-1241 岡山県加賀郡吉備中央町吉川４４７０,"34.8301719,133.7629208",https://kibichuo-kanko.jp/kanko/wp-content/uploads/2023/01/dbf93081d6d9e69022b7da3e4b5e19b0.jpeg,0866568018,http://wasyoku-katsura.com/,,,,"https://www.google.com/maps/place/%E3%80%92716-1241+%E5%B2%A1%E5%B1%B1%E7%9C%8C%E5%8A%A0%E8%B3%80%E9%83%A1%E5%90%89%E5%82%99%E4%B8%AD%E5%A4%AE%E7%94%BA%E5%90%89%E5%B7%9D%EF%BC%94%EF%BC%94%EF%BC%97%EF%BC%90/@34.8301719,133.7603459,17z/data=!3m1!4b1!4m6!3m5!1s0x3556a86fec586fdb:0xc508b59513309a8c!8m2!3d34.8301719!4d133.7629208!16s%2Fg%2F11r_npb6vp?entry=ttu","#### 定休日
水曜

#### 営業時間
11:00～14:00　17:00～19:00","かよう青空市の隣にあるお食事処。

瀬戸内の鮮魚類を使用した「生きのいいお造り」や「寄せ鍋」がオススメ。
650円の日替わり定食（お造り＋茶碗蒸し＋汁＋小鉢＋ごはん＋当日のメイン）も大人気です。

 

※掲載情報は変更となる場合がございます。
　最新情報・詳細につきましては各スポットまでお問い合わせください。",,,,
和風レストランかよう,,グルメ ディナー ランチ 和食,〒716-1551 岡山県加賀郡吉備中央町北１９７７−１,"34.8163238,133.702809",https://kibichuo-kanko.jp/kanko/wp-content/uploads/2023/01/afc54dfa3666b49e5e0830f41ce0c8ef.jpg,0866559011,,,,,"https://www.google.co.jp/maps/place//@34.8163238,133.702809,17.26z/data=!4m5!3m4!1s0x3556aec8afd4995d:0xc5e69d5951f4c592!8m2!3d34.8162088!4d133.7049979?hl=ja","#### 営業時間
9:00～20:00

#### 定休日
なし","道の駅かよう内にあるメニュー豊富な和風レストラン。

人気はおかわり自由のサラダバー。地元で採れた新鮮野菜をお召し上がりください。

※現在はサラダバーは中止しています。

 

※掲載情報は変更となる場合がございます。
最新情報・詳細につきましては各スポットまでお問い合わせください。",,,,
井原かなやま,,グルメ 和食,〒709-2552 岡山県加賀郡吉備中央町井原９２５−３,"34.9005982,133.7295069",https://kibichuo-kanko.jp/kanko/wp-content/uploads/2023/01/kanayama1.jpg,0867350379,,,,,"https://www.google.co.jp/maps/place//@34.9005982,133.7295069,13.09z/data=!4m5!3m4!1s0x3556a722ffe91597:0x17be58af882a6311!8m2!3d34.8974084!4d133.7598033?hl=ja","#### 定休日
年中無休　※予約必須","１０畳と３７畳の部屋は各種会議、宴会に最適です。

鮮魚店ならではの魚料理は絶品。お店のおすすめ品は地域伝統料理の「さわら茶漬け」です。

 

※掲載情報は変更となる場合がございます。
　最新情報・詳細につきましては各スポットまでお問い合わせください。",,,,
茶房かたやま邸,,グルメ スイーツ ランチ 和食 歴史・文化,〒709-2331 岡山県加賀郡吉備中央町下加茂１５,"34.8589516,133.8106886",https://kibichuo-kanko.jp/kanko/wp-content/uploads/2023/01/ea7a58cf9c47785ef2761bf444d2c4cf.jpg,"0867340747
",,,,,"https://www.google.co.jp/maps/place//@34.8589516,133.8106886,18.12z/data=!4m5!3m4!1s0x35541da229c67727:0x3c23a48e8894c!8m2!3d34.858353!4d133.8119505?hl=ja","#### 定休日
水曜・日曜

#### 営業時間
10:00〜16:00（冬期は10:00〜15:00）","片山邸内にあるお休み処。地元の旬の素材をふんだんに使った「きまぐれ弁当」が好評です。

地元のお母さん達の心のこもった品々が並びます。

 

江戸時代の様式を一部に残した「百畳屋敷」とも呼ばれる

片山邸の雰囲気を味わいながら落ち着いてお食事できる空間となっています。

 

※掲載情報は変更となる場合がございます。
　最新情報・詳細につきましては各スポットまでお問い合わせください。",,,,
てるてるファーム,,グルメ スイーツ テイクアウト 果物 買い物 農産物,〒716-1552 岡山県加賀郡吉備中央町岨谷２８６,"34.7918881,133.7090584",https://kibichuo-kanko.jp/kanko/wp-content/uploads/2023/01/teruteru1-600x400.jpg,09044975891,https://tel2farm.cart.fc2.com/,,,,"https://www.google.co.jp/maps/place//@34.7918881,133.7068697,17z/data=!3m1!4b1!4m5!3m4!1s0x3556ac021be0c1a5:0x6cb29fa5562b3ebb!8m2!3d34.7918885!4d133.7090582?hl=ja","#### 営業時間
11:00〜16:00

#### 営業日
おおむね水曜・金曜","ぶどうを栽培・販売されている農家さんですが

冬季には「パンダ焼き」(パンダ形のたい焼き)を製造しています。

小さなコパンダ（1個80円）は、

粒あん、チョコ、クリーム、 レアチーズ、焼き芋、イチゴ 桜あん、抹茶クリームなど 色々な味を楽しめます。

 

大きなサイズの大パンダ（1個160円）は 中身がハムチーズというお惣菜系です。

オーダーいただければ、 大パンダも色々な味に変身可能です。

 

また、お好み焼き風回転焼き 「おこまる」も大人気です。（1個200円）

不定期な営業日のため、 LINE公式アカウントから確認の上お越しください。

 

※掲載情報は変更となる場合がございます。
　最新情報・詳細につきましては各スポットまでお問い合わせください。",,,,
焼き屋,,グルメ パン,〒709-2413 岡山県加賀郡吉備中央町上田西２０２５−２,"34.8862393,133.8044805",https://kibichuo-kanko.jp/kanko/wp-content/uploads/2023/01/4cf3d681f1825b32e3c31cbf94f0ffbd.jpg,0867341564,,,,,"https://www.google.co.jp/maps/place//@34.8862393,133.8044805,15.18z/data=!4m5!3m4!1s0x35541de6a483037f:0x80f15b1afd14ff04!8m2!3d34.8871895!4d133.8057468?hl=ja","#### 定休日
火曜・水曜

#### 営業時間
11:00〜17:00","国内産小麦と自家製酵母を使うハード系パンがメインのパン屋さん。

「カンパーニュ」や「クルミフルーツ」が人気です。噛めば噛むほど美味しさが口の中に広がります。

 

※掲載情報は変更となる場合がございます。
　最新情報・詳細につきましては各スポットまでお問い合わせください。

",,,,
吉備高原レストランgottoh　～ごっつぉう～,,グルメ ディナー ランチ レストラン 中華料理 和食 洋食,〒716-1241 岡山県加賀郡吉備中央町吉川４８６０−６ きびプラザ 2F,"34.8351003,133.7606467",https://kibichuo-kanko.jp/kanko/wp-content/uploads/2023/01/gottoh.jpg,,https://kibikougen-resort.com/restaurant.html,,,,"https://www.google.co.jp/maps/place/+GOTTOH+/@34.8351003,133.7595121,17z/data=!3m1!4b1!4m5!3m4!1s0x3556a87a5800e751:0x31347eb6a12f2203!8m2!3d34.8351003!4d133.7606467?hl=ja","####定休日
水曜（当面の間、木曜日もお休みしております）

#### 営業時間(ランチ)
平日：11:00～14:30(L.O.14:00)　 土日祝：11:00～15:00(L.O.14:30)

#### 営業時間(ディナー)　※要予約
17:00～21:00

","「ごっつぉう」とは岡山弁で「ご馳走」を意味します。

ランチタイムには地元吉備中央町で生産された農産物や、

自然に囲まれた環境ならではの山の幸を豊富に取り入れた様々な料理をお楽しみいただけます。

 

ディナータイムには、同ホテル　個室和膳「加賀や」にて、

牛しゃぶ、天ぷら、寿司をメインとした御前を中心に、懐石料理、単品をご提供します。

※要予約

 

※掲載情報は変更となる場合がございます。
最新情報・詳細につきましては各スポットまでお問い合わせください。",,,,
道の駅レストラン　品野屋,,グルメ ランチ 和食,〒709-2413 岡山県加賀郡吉備中央町上田西２３３８−４,"34.8914782,133.813079",https://kibichuo-kanko.jp/kanko/wp-content/uploads/2023/01/sinanoya1-600x400.jpg,"0867341999
",,,,,"https://www.google.co.jp/maps/place//@34.8914782,133.813079,16.65z/data=!4m12!1m6!3m5!1s0x3556a0d44671282f:0x5b6f74f0dbca1059!2z5paw5bGx44G744G744GI44G_44K744Oz44K_44O8!8m2!3d34.9180189!4d133.7556455!3m4!1s0x35541e74164b3743:0x61248103b639e022!8m2!3d34.8929451!4d133.8150618?hl=ja","#### 定休日
火曜、年始

#### 営業時間
11:00～15:00（オーダーストップ 14:30","地元食材を使った料理と手打ち蕎麦を提供。コシのある美味しい蕎麦が味わえます。

 

※掲載情報は変更となる場合がございます。
最新情報・詳細につきましては各スポットまでお問い合わせください。",,,,
新山ほほえみ笑店,,買い物,〒709-2673 岡山県加賀郡吉備中央町尾原508 新山ほほえみセンター内,"34.8932768,133.731593",https://kibichuo-kanko.jp/kanko/wp-content/uploads/2023/01/2a603857546f58ea9fb01977da243f7b-600x299.jpg,0867-35-9933,,,,,"https://www.google.co.jp/maps/place//@34.8932768,133.731593,12.83z/data=!4m5!3m4!1s0x3556a0d44671282f:0x5b6f74f0dbca1059!8m2!3d34.9180189!4d133.7556455?hl=ja","#### 営業時間
10:00〜18:00

#### 定休日
日曜・祝日","買い物支援として、食料品、日常生活用品、その他地域住民が希望する商品を扱っています。

 

※掲載情報は変更となる場合がございます。
最新情報・詳細につきましては各スポットまでお問い合わせください。",,,,
ブルーベリーファームふじわら,,アクティビティ 果物 農産物,〒709-2341 岡山県加賀郡吉備中央町上加茂８４−１０,"34.8534602,133.8094652",https://kibichuo-kanko.jp/kanko/wp-content/uploads/2023/01/e66dc149b4ad6b94b59d3c43da29ba83.jpg,0867-34-1000,,,,,"https://www.google.co.jp/maps/place/709-2341+/@34.8534602,133.8094652,19z/data=!4m13!1m7!3m6!1s0x35541d7533fab545:0xcaa08a57b87f72e4!2z44CSNzA5LTIzNDEg5bKh5bGx55yM5Yqg6LOA6YOh5ZCJ5YKZ5Lit5aSu55S65LiK5Yqg6IyC77yY77yU4oiS77yR77yQ!3b1!8m2!3d34.8534602!4d133.8097657!3m4!1s0x35541d7533fab545:0xcaa08a57b87f72e4!8m2!3d34.8534602!4d133.8097657?hl=ja","#### 定休日
不定休

#### 営業時間
お電話にてお問合せください

#### 料金
大人(中学生以上)：1,000円　子供(4〜12歳)：700円　3歳以下：無料","吉備高原の高地で栽培された、完熟の甘くて美味しいブルーベリー狩りを食べ放題で楽しめます。

 

※掲載情報は変更となる場合がございます。
最新情報・詳細につきましては各スポットまでお問い合わせください。",,,,
宮木牧場,,アクティビティ ファミリー 買い物 農産物 野菜,〒716-1241 岡山県加賀郡吉備中央町吉川８８１,"34.8154,133.7546222",https://kibichuo-kanko.jp/kanko/wp-content/uploads/2023/01/2263d50a9d1c1801fc46641b5385b142.jpg,"0866567113
",,,https://www.instagram.com/miyaki.bokujo/,,"https://www.google.co.jp/maps/place//@34.8154,133.7524335,17z/data=!3m1!4b1!4m5!3m4!1s0x3556a85774173ab1:0x3a5b9ad139be7c50!8m2!3d34.8154!4d133.7546222?hl=ja","#### トウモロコシ狩り(7月中旬～8月中旬)
基本4本で1000円／人

#### キムチ作り体験(11月～2月)
1200円／人（キムチお土産付き）

#### 牛の餌やり＋バター作り＋農作業体験
700円／人","様々な旬の野菜を販売しています。

特に夏季のトウモロコシは甘味が強く人気です。

 

トウモロコシ狩りのほか、キムチ作り体験などもできます。

また学校を対象とした牛とのふれあいや農作業体験を通じて命の授業も展開しています。

 

※掲載情報は変更となる場合がございます。
　最新情報・詳細につきましては各スポットまでお問い合わせください。",,,,
ゆめ農園　晴,,アクティビティ 果物 買い物 農産物,〒716-1241 加賀郡吉備中央町吉川4217-1,"34.8247758,133.7531882",https://kibichuo-kanko.jp/kanko/wp-content/uploads/2023/01/haru1-600x400.jpg,0866569560,https://www.jalan.net/kankou/spt_guide000000192675/,,https://www.instagram.com/yumenouen/,,"https://www.google.co.jp/maps/place//@34.8247758,133.7509995,17z/data=!3m1!4b1!4m5!3m4!1s0x3556a85f7306d6ed:0x346693660890115b!8m2!3d34.824777!4d133.7531236?hl=ja","#### 開園時期
1月下旬～5月中旬　※要予約

#### 営業時間
9:00～17:00

#### 料金(30分間食べ放題)
中学生以上:2100円　小学生:1600円　幼児(3歳～):1,000円　2歳以下:0円","みどり豊かな岡山・吉備高原で、大阪からＵターンしてきた夫婦二人で
減農薬、有機肥料栽培でいちごの栽培に取り組んでいます。

いちごマークの可愛らしいハウスで、フレッシュで美味しいいちごをご堪能ください。

 

※掲載情報は変更となる場合がございます。
　最新情報・詳細につきましては各スポットまでお問い合わせください。",,,,
ギャラリーカフェ MIMOZA,,アート ツーリング デート 歴史・文化 癒し 自然,〒716-1241 岡山県加賀郡吉備中央町吉川4429−31,"34.8275119,133.7570434",https://kibichuo-kanko.jp/kanko/wp-content/uploads/2023/01/IMG_8206-600x400.jpg,09087153643,,,https://www.instagram.com/gallerycafe.mimoza/?hl=ja,,https://goo.gl/maps/UJjLuP5AiQzCjUdb8,"#### 営業日
年中無休

#### 営業時間
9時～16時","吉備高原都市の周りが自然に囲まれた閑静な住宅街にある

１日数組限定の予約制のギャラリーカフェです。

 

岡山県出身で在仏画家として活躍した大倉道昌画伯の

洋画が常設展示された空間で、珈琲や紅茶を頂けます。

 

また四季折々の花が楽しめる２００坪の庭園も開放しています。

 

※掲載情報は変更となる場合がございます。
最新情報・詳細につきましては各スポットまでお問い合わせください。",,,,
空の猟師小屋,,アウトドア アクティビティ キャンプ グルメ ジビエ ツーリング デート ファミリー ランチ 地産地消 自然,〒709-2413 岡山県加賀郡吉備中央町上田西1853-3,"34.875971,133.7961193",https://kibichuo-kanko.jp/kanko/wp-content/uploads/2023/01/d87720eea61dc6d61e70c45b8ced17fd-e1672818317486-600x400.png,09036363818,,,,,https://goo.gl/maps/oAzFdebgAbHz1TJZ7,"#### 営業日
不定期（要予約/ランチのみ対応）

#### 利用料
3,500円/人（飲物は基本持参）

#### 駐車場
無料（大型バスも可）","現役猟師たちとふれあいながら

近隣で獲れたジビエ肉を身近な食材として美味しく頂ける

バーベキュースタイルの施設です。

 

食肉製品の加工も行っているため

新鮮なジビエ肉をそのまま味わうだけでなく

猪鹿スモークソーセージ等で食すこともできます。

 

それらと地元の美味しい野菜がセットになった

「おまかせバーベキュー」をぜひご賞味ください。

 

また、追加料金でジビエ革を使用した革細工体験もできます。

 

※要予約(１０～４０人程度の間で対応可)

※内容により出張バーベキューも受け付けています

 

※掲載情報は変更となる場合がございます。
最新情報・詳細につきましては各スポットまでお問い合わせください。",,,,
アストロコテージ ガリレオ,,アウトドア アクティビティ ツーリング デート ファミリー 宿泊 散策 癒し 自然,〒709-2331 岡山県加賀郡吉備中央町下加茂1506-150,"34.8771522,133.8402992",https://kibichuo-kanko.jp/kanko/wp-content/uploads/2023/01/c1d8cb27cda7f6fc265fe7423e7d34d4-600x400.png,"0866-54-1301
",https://www.town.kibichuo.lg.jp/site/galileo/,,,,https://goo.gl/maps/m565NFkW4a1JqhpW7,"#### 利用時間【宿泊】
15:00〜(翌)10:00

#### 基本使用料
5,240円

#### 利用料
1.050円/人 (小学生以上)
望遠鏡使用料【オプション】
ドーム内：2,100円
移動用小型：1,050円

#### 注意事項
※利用料金＝基本使用料＋人数分の利用料(＋望遠鏡使用料)","アストロコテージガリレオは、360度見渡せる小高い丘の上に建つ、
天体観測室の付いた町営の自然体験宿泊施設です。

コンピュータ制御による口径30cm反射型望遠鏡がシンボル。
望遠鏡の操作は指導員を派遣してくれるので安心です。

自炊設備も完備していて、自分たちで食材を持ち込んで、
輝く星空のもとでバーベキューもできます。
ご家族でまた親しいグループで満天の星空をお楽しみください。

※掲載情報は変更となる場合がございます。
　最新情報・詳細につきましては各スポットまでお問い合わせください。",,,,
ブルーベリーランド吉備,,アウトドア アクティビティ お土産 デート ファミリー 果物 自然 農産物,〒716-1131 岡山県加賀郡吉備中央町上竹2065-2,"34.8529244,133.6779089",https://kibichuo-kanko.jp/kanko/wp-content/uploads/2023/01/5dfe86f3fbde3c7c572f4c82bc854bfa-600x400.jpeg,0866556008,,,,,https://goo.gl/maps/hED2fBhxsXtaVC589,"#### 利用料
大人(中学生以上)：1,000円　子供(4〜12歳)：700円　3歳以下：無料","甘いブルーベリーの収穫が体験できます。
シャープブルーやオニール、ティフブルーなど多種のブルーベリーを食べ放題、時間制限なしで楽しめます。
ご来園の際は事前にお問い合わせください。

お持ち帰り：1パック250円/100g

◎ご予約は道の駅かよう(tel:0866-55-6008)まで

 

※掲載情報は変更となる場合がございます。
最新情報・詳細につきましては各スポットまでお問い合わせください。",,,,
小林農園 古那志屋,,アウトドア アクティビティ お土産 デート ファミリー 果物 自然 農産物,〒709-2413 岡山県加賀郡吉備中央町上田西513-5,"34.8910393,133.7936577",https://kibichuo-kanko.jp/kanko/wp-content/uploads/2023/01/c028aa65b46995b6b92c149dc7931ad1-536x400.png,0867-34-0326,http://www.konashiya.com,,https://www.instagram.com/kibichuo_konashiya/?hl=ja,,https://goo.gl/maps/YNfsQiBPsbEH3DAw6,"####開園期間
6月下旬〜8月下旬

#### 開園時間
9:00〜17:00

#### 利用料
大人(中学生以上)：1,000円　子供(4〜12歳)：700円　3歳以下：無料","寒暖差が激しく赤土で美味しい野菜や果物が育つ円城地区で

こだわりをもって、お客さまにおいしいと思ってもらえることを第一として野菜や果物を栽培しています。

またそれらを利用した加工品も販売しています。

 

農園の体験の一つ「ブルーベリー狩り」は

溶液栽培での生育管理を行い、大変甘みの強い大粒となったブルーベリーを13種類も楽しめます。

特に「デューク」はお勧めの品種となっています。

 

※掲載情報は変更となる場合がございます。
最新情報・詳細につきましては各スポットまでお問い合わせください。",,,,
blue berry はるな園,,アウトドア アクティビティ お土産 デート ファミリー 果物 自然 買い物 農産物,〒716-1131 岡山県加賀郡吉備中央町上竹3123,"34.8452028,133.6627109",https://kibichuo-kanko.jp/kanko/wp-content/uploads/2023/01/ffa54198425c9a1ef0d26787ea9b93cb-600x400.png,09048993485,https://kibi21.com,,,https://www.youtube.com/watch?v=XzAMj_UYVVk&t=5s,https://goo.gl/maps/M2KqyesmkNE1W5oq6,"#### 開園期間
6月中旬〜9月上旬

#### 営業時間
8:00〜16:00
※開園期間中定休日なし/当日受付10:00迄

#### 入園料(時間制限なし食べ放題)　※予約制
大人(中学生以上)：1,000円　子供(4〜12歳)：700円　3歳以下：無料　","完熟した美味しいブルーベリーを時間無制限の食べ放題で味わえます。
2021年度よりコロナ対策を徹底した上で、体験型学習室(調理室)を整備いたしました。
新鮮なブルーベリーを摘み取ってきてすぐに作ったスムージーを
アウトドア(ガーデン日除けテントの下)でお召し上がりいただけます。

◎体験コース例

スムージー体験コース
ピザ体験コース(2種類のピザ作り/スムージー付き)
季節大福体験コース(シーズンOFFメニュー)
◎ブルーベリーのお持ち帰り品は 100g単位/250円 1kgからは2,000円
※体験学習室の利用注意点

一度のご利用は6名まで(大人、子ども合わせ)
外の手洗い場で手をよく洗い、学習室の中で自動アルコール消毒を。
使用した容器は洗って所定の位置に返却をお願いします。
 

※掲載情報は変更となる場合がございます。
最新情報・詳細につきましては各スポットまでお問い合わせください。",,,,
CAMPERS-INN チロリン村キャンプグランド,,アウトドア アクティビティ キャンプ スポーツ デート ファミリー 宿泊 自然,〒709-2401 岡山県加賀郡吉備中央町神瀬１６１２−１,"34.9086187,133.825924",https://kibichuo-kanko.jp/kanko/wp-content/uploads/2023/07/2475f8af36d48d790f6a21f698f29d32-600x400.jpg,0867-34-0027,https://chirorinmura.net/,,,,"https://www.google.co.jp/maps/place//@34.9085631,133.8237919,17z/data=!3m1!4b1!4m5!3m4!1s0x35541e59bb2ed7bd:0x786e5c1172d0daa3!8m2!3d34.9086309!4d133.8259777?hl=ja","#### 営業期間
年中無休　※11～3月は要予約

#### 営業時間
10:00〜18:00

#### 料金
オートキャンプ：4,800円～ キャビン：13,000円～","オートキャンプ、キャビン、バンガロー、トレーラーハウスなどを備え、30年以上の歴史を有すキャンプ場。

広大な敷地を利用しての4WD体験、場内スタンプラリー、トレジャーハンティングのほか

ドローン、ラジコンの飛行場を設けています。

 

また年間を通して様々なイベントが開催されており

特に毎年恒例のハロウィンイベントは子供から大人まで人気となっています。

 

※掲載情報は変更となる場合がございます。
最新情報・詳細につきましては各スポットまでお問い合わせください。",,,,
西田農園,,アクティビティ グルメ デート テイクアウト ファミリー 果物 自然 買い物,〒709-2413 岡山県加賀郡吉備中央町上田西１１９６,"34.8766927,133.7830778",https://kibichuo-kanko.jp/kanko/wp-content/uploads/2023/06/280d6b0637432582de86b197a4375fe8.jpeg,090-1186-6424,https://www.nishida-noen.com/,,https://www.instagram.com/nishida.noen.blueberry/,,"https://www.google.co.jp/maps/place//@34.8766927,133.7830778,14.4z/data=!4m14!1m8!3m7!1s0x35541df53a045189:0x56091079a1e1f038!2z6KW_55Sw6L6y5ZyS!8m2!3d34.8811825!4d133.7923156!14m1!1BCgIgARICEAE!3m4!1s0x35541df53a045189:0x56091079a1e1f038!8m2!3d34.8811825!4d133.7923156?hl=ja","#### 開園期間
6月中旬~8月中旬頃

#### 定休日
火曜

#### 営業時間
朝方～15時まで

####入園料金
大人(13歳以上)：1,000円　子供(4～12歳)：700円　3歳以下：無料","標高３３０mの寒暖の差がある気候と澄んだ空気、おいしい水によって

とても甘くておいしいブルーベリーを育てられています。

 

合計約３０アールの敷地に、ノーザンハイブッシュ、サザンハイブッシュ、ラビットアイ等

約５０品種、５００本を超えるブルーベリーを栽培。中には５００円玉ほどにもなる大粒の種類も。

広大な土地を活用し、木と木の間にゆとりを持たせてあり、お客様がブルーベリー狩りをしやすい設計になっています。

 

◎お持ち帰り　100g(1パック) / 250円

 

※掲載情報は変更となる場合がございます。
最新情報・詳細につきましては各スポットまでお問い合わせください。",,,,
岡山乗馬俱楽部,,アウトドア アクティビティ スポーツ ファミリー 癒し 自然,〒709-2413 岡山県加賀郡吉備中央町上田西２３９３−１１,"34.8795485,133.8324625",https://kibichuo-kanko.jp/kanko/wp-content/uploads/2022/12/fd78193a6ab96830f63b248da8c9b2c0-600x299.jpg,0867-34-9911,http://okayama-jobaclub.com/,,https://www.instagram.com/okayamajobaclub/,https://www.youtube.com/channel/UCt-PCJBoX51W8V8fzWfSBog,"https://www.google.co.jp/maps/place//@34.8795485,133.8324625,15.26z/data=!4m5!3m4!1s0x35541c273d39418d:0x6130295e3c6af110!8m2!3d34.874336!4d133.842328?hl=ja","#### 定休日
月・火曜(祝日の場合は営業)

#### 営業時間
9:00〜17:00","西日本最大級の乗馬倶楽部。岡山市内から車で１時間とアクセスも良好。

約５０頭の馬たちが所属しており、広々とした大自然の中で乗馬できます。

馬と仲良くなってもらいたいとの想いから料金をリーズナブルに設定していて、老若男女問わず乗馬を楽しめます。

 

また岡山乗馬倶楽部は全国乗馬振興協会の優良乗馬倶楽部に認定されています。

お子様でも取得できる「ポニーライダー」ライセンスや乗馬ライセンス技能審査もこちらで実施できます。

クラブハウス内のカフェでランチも楽しめますよ。

 

※掲載情報は変更となる場合がございます。
　最新情報・詳細につきましては各スポットまでお問い合わせください。",,,,
大村寺・功徳庵,,散策 歴史・文化 神社・仏閣 紅葉 自然 重森三玲,吉備中央町上竹5600,"34.8340047,133.6603956",https://kibichuo-kanko.jp/kanko/wp-content/uploads/2023/07/kibi139__oomuraji.jpg,0866541403,,,,,"https://www.google.com/maps/place/%E9%87%8D%E6%A3%AE%E4%B8%89%E7%8E%B2%E4%BD%9C%E8%8C%B6%E5%AE%A4+%E5%8A%9F%E5%BE%B3%E5%BA%B5/@34.8340047,133.6603956,21z/data=!4m5!3m4!1s0x3556af9454f95f93:0xa27618e81ea653e7!8m2!3d34.8339581!4d133.66035",,"吉備中央町吉川地区出身であり昭和を代表する造園学者である重森三玲の作品です。

「功徳庵（こうとくあん）」は重森三玲氏、64歳の時の作品。
昭和38年に岡山市内の民家へ築造し、その所有者であった立岡皓男氏から寄贈を受け、平成11年６月に大村寺へ移築されました。
北山杉をはじめ、こだわりの材料を持って建築された茶室は相対美が評価され、三玲の最高傑作とも言われています。
功徳庵のある大村寺には推定樹齢350年のクロマツと、三玲設計の庭もあり境内・庭園の散策もできます。
※見学は要予約

「重森三玲記念館」と合わせて見学してみて下さい。
◆重森三玲記念館

重森三玲・・・
日本美術学校で日本画を学び、その後造園、庭園学を独学で学び、氏独特のモダンを取り入れた枯山水庭園を各地に残す一方で、日本の伝統美である茶道、華道の奥義を極め、全国各地の古庭園の鑑別保存調査事業も行うなど、日本庭園界に多大なる功績を与えました。吉備中央町吉川地区出身。

 

◎重森三玲ゆかりのスポットを巡るオススメのプランがあります！

※掲載情報は変更となる場合がございます。
最新情報・詳細につきましては各スポットまでお問い合わせください。",,,,
友琳の庭,,散策 歴史・文化 自然 重森三玲,岡山県加賀郡吉備中央町豊野1-2,"34.863485,133.6933555",https://kibichuo-kanko.jp/kanko/wp-content/uploads/2022/12/2.png,0866541301,,,,,"https://www.google.com/maps/place/%E5%8F%8B%E7%90%B3%E3%81%AE%E5%BA%AD/@34.8634602,133.6917246,17z/data=!3m1!4b1!4m5!3m4!1s0x3556af43ca3a8725:0x6817cba7d9f1386d!8m2!3d34.8634575!4d133.6933314","#### 見学可能時間
9:00〜16:00

#### 入場料
無料

#### お問合せ（吉備中央町協働推進課）
平日：8:30〜17:15","吉備中央町吉川地区出身であり昭和を代表する造園学者である重森三玲の作品です。

昭和44年に京都友琳会館に作庭された庭園を平成14年に吉備中央町賀陽庁舎へ移築しました。
友禅染を完成させた宮崎友禅斎の「友」と尾形光琳の「琳」へのリスペクトを込め「友琳の庭（ゆうりんのにわ）」と命名されました。
池泉鑑賞式の庭園で、熨斗を基本としてデザインされたモダンな池庭が特徴です。
池水は浅く、高い透明度のまま螺旋状に流動するようにしています。
北側の庭は「天の橋立」を見立てたデザインだといいます。

「重森三玲記念館」と合わせて見学してみて下さい。
◆重森三玲記念館

※吉備中央町庁舎の中庭にあります。
※予約不要

重森三玲・・・
日本美術学校で日本画を学び、その後造園、庭園学を独学で学び、氏独特のモダンを取り入れた枯山水庭園を各地に残す一方で、日本の伝統美である茶道、華道の奥義を極め、全国各地の古庭園の鑑別保存調査事業も行うなど、日本庭園界に多大なる功績を与えました。吉備中央町吉川地区出身。

◎重森三玲ゆかりのスポットを巡るオススメのプランがあります！

※掲載情報は変更となる場合がございます。
最新情報・詳細につきましては各スポットまでお問い合わせください。",,,,
天籟庵,,散策 歴史・文化 自然 重森三玲,吉備中央町吉川3930-8,"34.8197359,133.7511618",https://kibichuo-kanko.jp/kanko/wp-content/uploads/2023/07/4a58f83ce230d39ef955cb8faeedc0d1.jpg,0866567020,,,,,"https://www.google.com/maps/place/%E9%87%8D%E6%A3%AE%E4%B8%89%E7%8E%B2%E8%A8%98%E5%BF%B5%E9%A4%A8/@34.8197403,133.7485815,17z/data=!3m1!4b1!4m5!3m4!1s0x3556a8f79589f7c5:0xbe7e43bcc8f9f03f!8m2!3d34.8196377!4d133.751209","#### 閉館日
土曜、年末年始（12月28日～1月4日）

#### 開館時間
月～金曜　9時00分～16時00分
日曜・祝日　10時00分～15時00分","吉備中央町吉川地区にある天籟庵（てんらいあん）は、同地区出身であり昭和を代表する造園学者である重森三玲が、茶道を極めたいとの想いから、１８歳の時に建築した茶室が生家から移築されたものです。

船底天井と言われるアーチ型の天井や、三つの床の間、不規則で幾何学的に組み合わせた障子の貼り方など、随所に重森三玲ならではのこだわりが散りばめられています。
露地は移築時に作られたもので、隣接する「吉川八幡宮」が海の神様を祀られているということもあり、それを連想させるような力強さがあります。

併設された「重森三玲記念館」と合わせて見学してみて下さい。
◆重森三玲記念館

重森三玲・・・
日本美術学校で日本画を学び、その後造園、庭園学を独学で学び、氏独特のモダンを取り入れた枯山水庭園を各地に残す一方で、日本の伝統美である茶道、華道の奥義を極め、全国各地の古庭園の鑑別保存調査事業も行うなど、日本庭園界に多大なる功績を与えました。吉備中央町吉川地区出身。

◎重森三玲ゆかりのスポットを巡るオススメのプランがあります！

※掲載情報は変更となる場合がございます。
最新情報・詳細につきましては各スポットまでお問い合わせください。",,,,
重森三玲記念館,,歴史・文化 記念館・資料館 重森三玲,吉備中央町吉川3930-8,"34.8197359,133.7511618",https://kibichuo-kanko.jp/kanko/wp-content/uploads/2022/12/1.png,0866567020,,,,,"https://www.google.com/maps/place/%E9%87%8D%E6%A3%AE%E4%B8%89%E7%8E%B2%E8%A8%98%E5%BF%B5%E9%A4%A8/@34.8197403,133.7485815,17z/data=!3m1!4b1!4m5!3m4!1s0x3556a8f79589f7c5:0xbe7e43bcc8f9f03f!8m2!3d34.8196377!4d133.751209","#### 閉館日
土曜、年末年始（12月28日～1月4日）

#### 開館時間
月～金曜
日曜・祝日　10時00分～15時00分","吉備中央町吉川地区出身で昭和を代表する造園学者の重森三玲を顕彰する記念館です。

重森三玲は日本美術学校で日本画を学び、その後造園、庭園学を独学で学び、氏独特のモダンを取り入れた枯山水庭園を各地に残す一方で、日本の伝統美である茶道、華道の奥義を極め、全国各地の古庭園の鑑別保存調査事業も行うなど、日本庭園界に多大なる功績を与えました。

この記念館は三玲氏が作庭の鑑賞と価値を高めるため結成した「京都林泉協会」（京都市）の協力で「日本庭園史大系」など多数の著作や鹿苑寺金閣をはじめとする著名庭園実測図などを収蔵しています。
記念館内は氏の残した書画などが多数展示されています。

天籟庵（てんらいあん）（国登録有形文化財）・・・
三玲氏が１８歳の時に取り組んだ処女作であり、現在重森三玲記念館横に移築されています。

◎重森三玲ゆかりのスポットを巡るオススメのプランがあります！

※掲載情報は変更となる場合がございます。
最新情報・詳細につきましては各スポットまでお問い合わせください。",,,,
美原集落センター,,ブッポウソウ,吉備中央町美原８６１−１,"34.8713743,133.7711434",https://kibichuo-kanko.jp/kanko/wp-content/uploads/2023/05/cf5065de49e64bcd7eac7cae893170c8.jpg,,,,,,"https://www.google.com/maps/place/%E7%BE%8E%E5%8E%9F%E9%9B%86%E8%90%BD%E3%82%BB%E3%83%B3%E3%82%BF%E3%83%BC/@34.8713743,133.7711434,17z/data=!4m5!3m4!1s0x3556a7b455f09e13:0x57a6c2ab16be627c!8m2!3d34.8713694!4d133.7737242",,"美原地区にあるコミュニティセンターです。
ブッポウソウの観察のため、６〜８月は常時開設しています。
センター西側に巣箱・ブラインドがあります。
駐車場は普通乗用車２台程度の広さとなっています。

 

◉ブッポウソウを観察する上で、以下のことを守ってください。
一番恐れるのは繁殖場所である巣箱に長時間注目する人間です。

観察するときの注意点
１) 観察や写真撮影は、必ず巣箱から５０M以上以上離れて下さい。
２) １)の項の場合でも、２０分以上留まらないで下さい。
３) 許可なしに水田のあぜ、畑へは絶対に入らないで下さい。
４) 民家の近くで観察する際はその家に声をかけて下さい。
５) 狭い道路が多いので交通の邪魔にならないように注意して下さい。
また狭い農道に車を入れないで下さい。

 

 

 

 

※掲載情報は変更となる場合がございます。
最新情報・詳細につきましては各スポットまでお問い合わせください。",,,,
腰痛の地蔵尊 横山様,,ブッポウソウ 散策 歴史・文化 神社・仏閣,吉備中央町下土井,"34.8764654,133.7634112",https://kibichuo-kanko.jp/kanko/wp-content/uploads/2023/05/7e37f3442880affb21e6cecf26b8d9fa.jpg,,,,,,"https://www.google.com/maps/place/%E8%85%B0%E7%97%9B%E5%9C%B0%E8%94%B5%E5%B0%8A%E6%A8%AA%E5%B1%B1%E6%A7%98/@34.8764698,133.7608309,17z/data=!3m1!4b1!4m5!3m4!1s0x3556a7083dc6ffff:0xe0c629c96c2d6da7!8m2!3d34.8764654!4d133.7634112",,"眼下に下土井集落が見渡せる場所にある地蔵尊で
町内で最も大きいブッポウソウの観察所です。
県道66号線を北上する道路右手の山の上で、道端に看板が出ています。
県道から右折した先の道は狭いため徐行しつつ対向車にご配慮ください。

マップアプリ等には「腰痛地蔵尊横山様」と記載されていて
「横山様」と呼ばれるお地蔵様にお祈りすると腰痛が治まると伝えられています。

◉ブッポウソウを観察する上で、以下のことを守ってください。
一番恐れるのは繁殖場所である巣箱に長時間注目する人間です。

観察するときの注意点
１) 観察や写真撮影は、必ず巣箱から５０M以上以上離れて下さい。
２) １)の項の場合でも、２０分以上留まらないで下さい。
３) 許可なしに水田のあぜ、畑へは絶対に入らないで下さい。
４) 民家の近くで観察する際はその家に声をかけて下さい。
５) 狭い道路が多いので交通の邪魔にならないように注意して下さい。
また狭い農道に車を入れないで下さい。",,,,
coffee&cake ベルネーゼ,,カフェ グルメ スイーツ デート ディナー ファミリー ランチ レストラン 地産地消 洋食,吉備中央町上野2440-52,"34.8408867,133.7687508",https://kibichuo-kanko.jp/kanko/wp-content/uploads/2022/11/s640-38-600x400.png,"0866-56-7187
",http://k-franklin.com/bernese/,,,,"https://www.google.com/maps/place/%E3%83%99%E3%83%AB%E3%83%8D%E3%83%BC%E3%82%BC/@34.8408867,133.7661759,17z/data=!3m1!4b1!4m5!3m4!1s0x3556a77f668f7267:0x1d6c8f7ae3999e35!8m2!3d34.8408867!4d133.7687508","#### 営業日
土・日・祝日　

#### 営業時間
9時〜20時","どこかレトロな趣を感じさせる、2005年創業のアンティークカフェ＆レストラン。
吉備高原都市の住宅街の中にあります。

地元の食材を使用したメニューや手作りケーキ、カマンベールチーズをたっぷり使用した料理などが人気で
町外・県外からの来客も多いお店です。

道の駅めぐりの途中や、ドライブの際のお食事、カフェタイムなどに立ち寄ってみてはいかがでしょうか。

 

※掲載情報は変更となる場合がございます。
　最新情報・詳細につきましては各スポットまでお問い合わせください。",,,,
吉備高原リゾートホテル,,アクティビティ ツーリング デート ファミリー ホテル 地産地消 宿泊,吉備中央町吉川4860−6,"34.834964,133.760723",https://kibichuo-kanko.jp/kanko/wp-content/uploads/2022/12/0f6a67779a8c9270922644595b89c4be1c92955e.47.9.26.3-e1671351280238-600x400.jpg,0866567170,https://kibikougen-resort.com,,https://www.instagram.com/kibikougen.rh,,"https://www.google.com/maps/place/%E5%90%89%E5%82%99%E9%AB%98%E5%8E%9F%E3%83%AA%E3%82%BE%E3%83%BC%E3%83%88%E3%83%9B%E3%83%86%E3%83%AB/@34.834964,133.760723,15z/data=!4m2!3m1!1s0x0:0xe25cf9f2506e7a23?sa=X&ved=2ahUKEwi8joKe7or8AhXLk1YBHWZlAbUQ_BJ6BQiAARAH",,"澄んだ空気と、緑豊かな自然に囲まれた環境にある吉備高原リゾートホテルでは
乗馬体験やブルーベリー狩りなどのアクティビティや
吉備高原の山里の幸、瀬戸内の味覚をたっぷり盛り込んだお料理をご堪能いただけます。

岡山空港へのアクセスを利用した旅や出張の宿泊や
備中松山城の雲海「天空の城」を一望する際の羽休めとしてもご利用できます。
天空の城、備中松山城を見渡せる展望台まではホテルから車で25分程度です。

様々な宿泊プランのほか各種宴会、貸し会議室
電動アシスト付きレンタル自転車のご予約も可能となっています。

 

※掲載情報は変更となる場合がございます。
　最新情報・詳細につきましては各スポットまでお問い合わせください。",,,,
西谷邸「旭楽庭」,,散策 歴史・文化 自然 重森三玲,,,https://kibichuo-kanko.jp/kanko/wp-content/uploads/2022/12/4.png,0866541301,https://www.town.kibichuo.lg.jp/site/kanko/36.html,,,,,"#### ご予約・お問合せ（吉備中央町協働推進課）
平日：8:30〜17:15","吉備中央町吉川地区出身であり昭和を代表する造園学者である重森三玲の作品です。

重森三玲氏の知人だった西谷氏の依頼により、三玲氏が本格的に庭園を勉強する前の昭和4年に作られたという、南方の山々が借景として利用された「旭楽庭（きょくらくてい）」。
大きな石を運搬するような道具もなかった当時に、見事な石を使った庭園を作り上げています。
また庭を支える生垣には、お城などによく見られる武者返しを用いており、そちらの景観も見所のひとつです。三玲の作品としては3作目と言われていますが、現存するものでは最古です。

「重森三玲記念館」と合わせて見学してみて下さい。

◆重森三玲記念館

重森三玲・・・
日本美術学校で日本画を学び、その後造園、庭園学を独学で学び、氏独特のモダンを取り入れた枯山水庭園を各地に残す一方で、日本の伝統美である茶道、華道の奥義を極め、全国各地の古庭園の鑑別保存調査事業も行うなど、日本庭園界に多大なる功績を与えました。吉備中央町吉川地区出身。

※個人宅のため見学は要予約

 

◎重森三玲ゆかりのスポットを巡るオススメのプランがあります！


 

※掲載情報は変更となる場合がございます。
最新情報・詳細につきましては各スポットまでお問い合わせください。",,,,
宇甘渓,,アウトドア ツーリング デート ファミリー 散策 桜 紅葉 自然,吉備中央町下加茂1760付近,"34.8487203,133.8335365",https://kibichuo-kanko.jp/kanko/wp-content/uploads/2022/11/ukankei1-600x400.jpg,,https://www.town.kibichuo.lg.jp/site/kanko/54.html,,,,"https://www.google.com/maps/place/%E5%AE%87%E7%94%98%E6%B8%93/@34.8487203,133.8335365,16.71z/data=!4m5!3m4!1s0x35541c53f8f15f35:0xa18efe6864d48be9!8m2!3d34.8492557!4d133.8337936",,"春は山桜に新緑、夏は川遊び、秋は紅葉、冬は雪景色と四季折々の自然を満喫できるスポット。
見どころはシンボルの「赤橋」や、奇岩そそり立つ山肌の景観、水辺の散策道などです。

特に｢赤橋｣と紅葉のコントラストはフォトジェニックで、見頃の時期になると多くの見学者で賑わいます。
紅葉の見頃は例年11月中旬ごろ。その期間の夜には「赤橋」にライトアップが行われています。",,,,
民家喫茶 童子,,カフェ グルメ スイーツ テイクアウト ランチ 和食 地産地消 癒し 買い物,吉備中央町上加茂1896-1,"34.8392261,133.7980133",https://kibichuo-kanko.jp/kanko/wp-content/uploads/2022/11/s640-40-600x400.png,0867-34-1905,,,https://www.instagram.com/douji_baaco/,,"https://www.google.com/maps/place/%E7%AB%A5%E5%AD%90/@34.8392261,133.7980133,16z/data=!4m5!3m4!1s0x35541d70f2d1f375:0xb7d76cbe8af6e2fd!8m2!3d34.8409066!4d133.8006287","#### 定休日
木曜・日曜

#### 営業時間(ランチ)
11:00〜14:00(L.O.)

#### 営業時間(居酒屋)
※金曜・土曜のみ
※予約制(当日14時まで)
18:00〜22:00(L.O.)","田舎の祖父母の家のようなホッとして安らぐ空間で頂く和定食は、心も体も満たされます。
店内には委託作家さんの手作り雑貨も並んでいて、お気に入りの作品に出会えるかも。

金曜・土曜には限定でおうち居酒屋をオープン。夜も楽しめます。

※臨時休業があります。
詳しくは店舗SNSでご確認ください。

 

※掲載情報は変更となる場合がございます。
最新情報・詳細につきましては各スポットまでお問い合わせください。",,,,
自然レクリエーション区,,アウトドア アクティビティ スポーツ デート ファミリー 散策 桜 紅葉 自然,吉備中央町湯山1300-32,"34.8147136,133.6996787",https://kibichuo-kanko.jp/kanko/wp-content/uploads/2022/11/s640-37-600x400.png,0866568255,,,,,"https://www.google.com/maps/@34.8147136,133.6996787,14.47z",,"吉備高原都市の北側に位置する区域で、小高い山の中に遊歩道やマウンテンバイク用のコースが設計されています。
展望台からは吉備高原都市が一望でき、季節ごとに綺麗な景観を楽しむことができます。
登り口前には駐車場やトイレがあり、多くの人に利用しやすい環境となっています。

コースの詳しい情報等は MAP をダウンロードしてご確認ください。

 

※掲載情報は変更となる場合がございます。
最新情報・詳細につきましては各スポットまでお問い合わせください。",,,,
キッズパーク,,アクティビティ ファミリー ,吉備中央町吉川4860－6（きびプラザ2F）,"34.83479,133.758075",https://kibichuo-kanko.jp/kanko/wp-content/uploads/2022/11/s640-36-600x400.png,0866-54-1328,https://www.town.kibichuo.lg.jp/soshiki/10/9401.html,,,,"https://www.google.com/maps/place/%E3%82%AD%E3%83%83%E3%82%BA%E3%83%91%E3%83%BC%E3%82%AF/@34.834904,133.7568801,17z/data=!3m1!4b1!4m5!3m4!1s0x3556a989cfba47e3:0xe30cbf28c9d22049!8m2!3d34.8348996!4d133.759455","#### 開館日
月～日曜

#### 休館日
火曜(祝日の場合は翌日)

#### 開館時間
9:30〜12:00、13:00〜16:30

#### 利用料金
無料","きびプラザ２階にある、未就学児を対象とした安全に安心して遊べる屋内型子ども広場です。

子育て世代に人気の町営施設で、町内外を問わず無料で利用できます。

ボールプール、ウォールクライミングなどもあります。

 

0歳〜2歳児を対象としたおもちゃを取り揃え

知育玩具やクッション性に優れた安全な道具を設置した多目的室や

3歳〜6歳児を対象にした大型道具を配置し

子どもたちが安全に自由に遊べ、親御さん同士も交流できる多世代交流室があります。

 

＜にじいろ広場＞
きびプラザに隣接した芝生エリアにある、キッズパークの屋外広場です。

 

※最新の利用時間は「吉備中央町役場 子育て推進課」のお知らせをご確認ください。

※大雨等の警報が発令された際は臨時休館となります。

 

お問い合わせ
・吉備中央町役場 子育て推進課 子育て推進班 0866-54-1328（平日　8:30〜17:15）
・キッズパーク直通　0866-56-7010 (土日祝　9:30〜16:00）

 

※掲載情報は変更となる場合がございます。
最新情報・詳細につきましては各スポットまでお問い合わせください。",,,,
岡崎嘉平太記念館,,歴史・文化 記念館・資料館,吉備中央町吉川4860－6（きびプラザ1F）,"34.83479,133.758075",https://kibichuo-kanko.jp/kanko/wp-content/uploads/2022/11/s640-35-600x400.png,0866569033,https://www.okazaki-kaheita.jp,,https://www.instagram.com/okazakikaheita/,,"https://www.google.com/maps/@34.8147136,133.6996787,14.47z","#### 定休日
火曜日（祝日を除く）、祝日の翌日（土日祝日を除く）

#### 営業時間
9:00〜17:00（入館は16:30まで）

#### 入館料
無料","日中友好に生涯を尽くした吉備中央町大和地区出身の岡崎嘉平太氏。
その数多くの功績と人柄を後世に永く伝えるために設置された記念館です。

 

＜岡崎嘉平太＞
岡崎嘉平太氏は、明治30年(1897)岡山県吉備郡大和村(現加賀郡吉備中央町)で生まれ平成元年(1989)に92歳で亡くなりました。賀陽町(現吉備中央町)名誉町民、総社市名誉市民、岡山県名誉県民である岡崎氏は財界人として活躍するとともに、戦後100回にのぼる訪中を通じて、日中の国交正常化に大きく貢献しました。

「私は、かねてから人間には信と愛が必要だと思います。・・・・
たて糸の信とよこの糸の愛、それが織りなす社会こそ真に美しいもの と思っています。」
（岡崎嘉平太著「たてのいとよこの糸」 貯蓄増強中央委員会昭和四十五年発行より)

常に信頼と愛情に支えられた誠実な嘉平太氏の人柄は人々の信頼の的であり、先に紹介した栄誉に加えて、勲一等瑞宝章などの称号が贈られています。

 

※掲載情報は変更となる場合がございます。
最新情報・詳細につきましては各スポットまでお問い合わせください。",,,,
きびプラザ,,グルメ ツーリング テイクアウト ファミリー ホテル ランチ レストラン 宿泊 記念館・資料館 買い物,吉備中央町吉川4860-6,"34.83479,133.758075",https://kibichuo-kanko.jp/kanko/wp-content/uploads/2022/11/s640-34-600x400.png,0866568255,http://www.kibicity.ne.jp/shop/,,https://www.instagram.com/kibikogencity/,,"https://www.google.com/maps/@34.8147136,133.6996787,14.47z",,"日本を代表する建築家・黒川紀章氏の設計で、吉備高原都市のシンボルにあたる場所です。飲食店、コンビニ、ホテル、銀行などが集まる複合施設となっており、吉備中央町観光協会も本施設内で観光案内を行っています。ぜひお立ち寄りください。

また、きびプラザに隣接した「さんさん広場」では様々なイベントが随時行われ、多くの人が賑わいます。にじいろ広場、吉備中央公園にも隣接しています。 町内観光の基点としてどうぞご活用ください。

 

・・・ きびプラザご利用に関するお問い合わせ ・・・

(株)吉備高原都市サービス[管理事務所]

営業時間 ８：３０〜１７：１５
定休日 土・日・祝
TEL ０８６６ー５６ー８２５５

 

◆岡山桃太郎空港から吉備中央町（きびプラザ）、高梁市（備中高梁駅・吹屋ふるさと村）を経由し、新見駅の間を結ぶ無料周遊バス（愛称：かんとり〜バス）が運行されます。

 

※掲載情報は変更となる場合がございます。
最新情報・詳細につきましては各スポットまでお問い合わせください。",,,,
かよう青空市,,ツーリング ファミリー 地産地消 果物 米 自然 買い物 農産物 野菜,吉備中央町吉川4469,"34.816088,133.7023735",https://kibichuo-kanko.jp/kanko/wp-content/uploads/2022/11/s640-33-600x400.png,0866-56-8078,https://www.ja-hareoka.or.jp/market/kayou.php,,,,"https://www.google.com/maps/@34.8147136,133.6996787,14.47z","#### 営業時間
8:00〜16:30

#### 定休日
年末年始（12/31〜1/3）","JA晴れの国岡山 かよう青空市では吉備高原の新鮮な野菜や特産品が
直売所だからこそのお手頃価格で取り揃えられています。生産者さん自ら加工した商品もあります。
お得で美味しい食材を手土産に１ついかがでしょうか。

 

※掲載情報は変更となる場合がございます。
最新情報・詳細につきましては各スポットまでお問い合わせください。",,,,
国立吉備青少年自然の家,,アウトドア アクティビティ キャンプ ファミリー 宿泊 散策 紅葉 自然,吉備中央町吉川4393-82,"34.823927,133.7623205",https://kibichuo-kanko.jp/kanko/wp-content/uploads/2022/11/s640-31-600x400.png,0866567231,https://kibi.niye.go.jp,,,,"https://www.google.com/maps/place/%E5%9B%BD%E7%AB%8B%E5%90%89%E5%82%99%E9%9D%92%E5%B0%91%E5%B9%B4%E8%87%AA%E7%84%B6%E3%81%AE%E5%AE%B6/@34.823927,133.7623205,16z/data=!4m5!3m4!1s0x3556a8690e1614df:0xcc42b7315905c028!8m2!3d34.8239266!4d133.7653591","#### 電話取次時間
9:00～17:30（年末年始・休館日を除く）","「体験の風を起こそう」をキャッチフレーズに、さまざまな体験活動を通じて、子どもたちのたくましく豊かな心を育てることを目的に様々な事業を行っています。一般の方も「鳴滝湖」や赤松林に囲まれた自然を散策したり、アスレチックや様々な体験活動ができます。

※施設利用（散策やアスレチックの利用を含む）には予約・受付が必要です。
※団体利用と重複する時にはご利用頂けないこともありますので、事前にご予約をおすすめします。

 

※掲載情報は変更となる場合がございます。
最新情報・詳細につきましては各スポットまでお問い合わせください。",,,,
吉川八幡宮,,歴史・文化 神社・仏閣 紅葉 自然,吉備中央町吉川3932,"34.7546325,133.6724985",https://kibichuo-kanko.jp/kanko/wp-content/uploads/2022/11/s640-28-600x400.png,0866-54-1410,https://www.kibitabi.jp/toubansai/,,,,"https://www.google.com/maps/@34.8147136,133.6996787,14.47z",,"永長元年(1096)に京都の石清水八幡宮の別宮として創建されました。本殿は国の重要文化財に指定されています。また昔話「開けずの箱」の舞台となった神社です。

吉川の地は平安時代末期、石清水八幡宮の荘園となっていたことから双方の関係は深く、鎌倉時代初期の説話集『古事談』によると「石清水八幡宮の楽人である元正が、当社の大祭にはるばる下向し秘楽を奉納した」との記述が見られます。

 

＜吉川八幡宮当番祭＞
吉川八幡宮で毎年10月1日から10月下旬まで１ヶ月近く続く秋の大祭で、古代から伝承された民衆的な祭りでもあり、日本的な感傷やユーモアを祭りの全体を通して伺い知ることができる文化的価値の高い祭りです。

1ヶ月続く祭り
当番祭とは「訪問する最初の祭り」という意味であり２社以上の八幡宮の氏子互いに訪問し合い、氏子の反映と豊穣を神に祈り同族の絆を深める祭りです。
祭りは「当ざし」という神事で吉川地区の男児（10歳前後）を神社の南北から1人づつ選ばれた候補者の氏名を書き込んだ紙片を丸めて三宝にのせ、宮司祝詞を奏でながら御幣によってつり上げ、当人を決めることから始まります。
10月第3土曜日には「垢離（こり）とり（心を守る）」で当番が神人になり、後日神の降臨をあおぐ「はくけ」という工作物を当番の家の庭に作り、古式にのっとり諸神事を行います。

大祭
第4土曜日が宵祭、第4日曜日に大祭が行われ、当家で着飾った馬に乗った当番を中心とした行列が神社に参拝し祭りのクライマックスである「走り競べ」の行事を行います。大祭翌日の「はくけあげ」の神事で昇神し、当番が俗人にかえり、祭りが終わります。

＜民話＞
開けずの箱
吉備中央町には、加茂大祭や吉川八幡宮の当番祭と、県下でも有名なお祭りがある。その当番祭が行われる吉川八幡宮ができた頃の話じゃ・・・・",,,,
西身延 妙本寺,,散策 歴史・文化 神社・仏閣 紅葉 自然 重森三玲,吉備中央町北1501,"34.7754421,133.6966541",https://kibichuo-kanko.jp/kanko/wp-content/uploads/2022/11/s640-27-600x400.png,0866-55-5012,http://www.kibi.ne.jp/~otera12/,,,,"https://www.google.com/maps/@34.8147136,133.6996787,14.47z",,"日蓮宗の西国布教の拠点になったことから「西身延」と呼ばれている寺。
本堂の屋根は杮葺き(こけらぶき)で、木の薄板を幾重にも重ねて施工されており、県の重要文化財に指定されています。

そして境内の番神堂は国の重要文化財となっています。

＜番神堂＞
番神堂とは神仏習合時代の三十番神（さんじゅうばんしん）を勧請(神仏の来臨を願うこと)したお堂で三十番神（さんじゅうばんしん）は、神仏習合の信仰で、毎日交替で国家や国民などを守護するとされた30体の神々のことです。お好きな神様の時に決まってお参りに来る方もいらっしゃるそうです。",,,,
道の駅かよう,,アクティビティ お土産 グルメ スイーツ ツーリング テイクアウト ファミリー ブッポウソウ ランチ レストラン 和食 地産地消 果物 米 自然 買い物 農産物 野菜,吉備中央町北1974,"34.8147136,133.6996787",https://kibichuo-kanko.jp/kanko/wp-content/uploads/2022/11/s640-26-600x400.png,"0866556008
",https://www.rakuten.ne.jp/gold/kibi/,,https://www.instagram.com/explore/locations/5270525/,,"https://www.google.com/maps/place/%E9%81%93%E3%81%AE%E9%A7%85+%E3%81%8B%E3%82%88%E3%81%86/@34.8147136,133.6996787,14.47z/data=!4m5!3m4!1s0x0:0xa6a93d396199b1bd!8m2!3d34.8160984!4d133.7049566","#### 直売所/ローソンＳ高原マーケットかよう
9:00〜18:00

0866-55-6008

#### 和風レストランかよう
9:00〜18:00

0866-55-9011","吉備高原の新鮮な野菜や、お土産にぴったりな特産のブルーベリーを使用した商品が充実しています。
敷地内には、レストランやコンビニもあります。
そしてブルーベリー狩り、ブルーベリージャム作り体験などの体験メニューもあります。
またブッポウソウの巣箱のライブ映像を楽しむこともできます。

賀陽インターチェンジから国道４８４号沿いに東へ車で３分。
岡山市・倉敷市から車で約１時間前後（岡山自動車道で約２０分）でお越しいただけます。

 

※掲載情報は変更となる場合がございます。
最新情報・詳細につきましては各スポットまでお問い合わせください。",,,,
大和神社,,歴史・文化 神社・仏閣 ,吉備中央町宮地445,"34.7973274,133.7018761",https://kibichuo-kanko.jp/kanko/wp-content/uploads/2022/11/s640-25-600x400.png,0866-54-1410,https://www.okayama-jinjacho.or.jp/search/18542/,,,,"https://www.google.com/maps/place/%E5%A4%A7%E5%92%8C%E7%A5%9E%E7%A4%BE/@34.7973318,133.6996874,17z/data=!3m1!4b1!4m5!3m4!1s0x3556aea70ebde483:0x68b2ed58c403caf7!8m2!3d34.7973274!4d133.7018761",,"昔話「大和神社の爪なし竜」の舞台になっている神社。
お話にでてくる爪のない竜の彫り物をお宮の拝殿で実際に確認することができます。

 

＜民話＞
大和神社のつめなし竜
宮地の小さな山の上に、大和神社が祭られとる。お宮の拝殿には、みごとな竜の彫り物があるんじゃ。この竜はたいそう腕のええ大工がほったと言われとるが、大工の名は伝わってないんじゃ・・・・",,,,
天の岩,,アウトドア ツーリング 散策 紅葉 自然,吉備中央町岨谷,"34.7485443,133.6831462",https://kibichuo-kanko.jp/kanko/wp-content/uploads/2022/11/s640-23-600x400.png,,,,,,"https://www.google.com/maps/place/%E5%A4%A9%E3%81%AE%E5%B2%A9/@34.7485443,133.6831462,17.06z/data=!4m5!3m4!1s0x3556acdd7f056215:0x67946897179c05ad!8m2!3d34.7502852!4d133.6832092",,"宗教家「天の遊峰」の修行場であったと言われ
大きな岩が絶妙なバランスで積み上げられた姿は圧巻。
周囲の裏豪渓の紅葉も必見です。",,,,
スパイスカフェ まからも,,カフェ カレー グルメ スイーツ デート テイクアウト ファミリー ランチ 古民家 地産地消 癒し,吉備中央町西2796,"34.8106816,133.6690995",https://kibichuo-kanko.jp/kanko/wp-content/uploads/2022/11/s640-22-600x400.png,080-2887-5186,,,https://www.instagram.com/macaramo_masa/,,"https://www.google.com/maps/place/%E3%82%B9%E3%83%91%E3%82%A4%E3%82%B9%E3%82%AB%E3%83%95%E3%82%A7+%E3%81%BE%E3%81%8B%E3%82%89%E3%82%82/@34.8106816,133.6690995,14.56z/data=!4m5!3m4!1s0x0:0x354d253dfc7e6966!8m2!3d34.80435!4d133.6666684","#### 営業日
土・日・月

#### 営業時間
11:00〜15:00","築１２０年の古民家を自ら改装してできた、ゆったりした時間の流れるカフェ。
縁側やソファでくつろぎながら過ごすことができます。

そして店主が旅した南アジアの料理をベースにしたスパイスカレーは絶品。
さらにキッシュやスイーツなどサイドメニューも豊富で、何度も来たくなること間違いなしです。

 

※掲載情報は変更となる場合がございます。
最新情報・詳細につきましては各スポットまでお問い合わせください。",,,,
coffee&cakes オーガニカコーヒィ,,カフェ グルメ スイーツ デート テイクアウト 癒し,吉備中央町竹荘3067,"34.8676914,133.6866179",https://kibichuo-kanko.jp/kanko/wp-content/uploads/2022/11/s640-20-600x400.png,070-4095-5297,https://organicacoffee.jp,,https://www.instagram.com/organicacoffee/,,"https://www.google.com/maps/place/%E3%82%AA%E3%83%BC%E3%82%AC%E3%83%8B%E3%82%AB%E3%82%B3%E3%83%BC%E3%83%92%E3%82%A3/@34.8676914,133.6866179,16.58z/data=!4m5!3m4!1s0x0:0x25a15161168438ce!8m2!3d34.8705106!4d133.6828991","#### 営業時間
10:00〜17:00（ラストオーダー16:30）

#### 定休日
不定休","道中の狭い道をくぐり抜けた先に見える、まさに「隠れ家」な佇まいのカフェ。

オーガニックで栽培された世界各地のコーヒー豆を、店主の手でじっくり焙煎し淹れるドリップコーヒーは格別です。
お土産にも喜ばれる焼菓子や、からだにやさしい素材にこだわった種類豊富なスイーツは早々に売り切れることも。

気に入ったコーヒー豆や焼菓子はオンラインで購入することもできます。

 

※掲載情報は変更となる場合がございます。
　最新情報・詳細につきましては各スポットまでお問い合わせください。",,,,
鷺の巣温泉 湯本屋旅館,,古民家 宿泊 歴史・文化 温泉 癒し 自然,吉備中央町竹荘492-2,"34.861677,133.6912834",https://kibichuo-kanko.jp/kanko/wp-content/uploads/2022/11/ffac8c048e4456c2cab97dd6df9bff5d-600x400.jpg,0866-54-1355,http://saginosuonsen.com,,,,"https://www.google.com/maps/place/%E9%B7%BA%E3%81%AE%E5%B7%A3%E6%B8%A9%E6%B3%89%E6%B9%AF%E6%9C%AC%E5%B1%8B%E6%97%85%E9%A4%A8/@34.861677,133.6912834,20.94z/data=!4m8!3m7!1s0x3556af68dca856c1:0x49acd4d258dc2742!5m2!4m1!1i2!8m2!3d34.8616515!4d133.6911944","宿泊料金

１泊２食付　10,150円～、朝食のみ　7,650円～
夕食のみ　9,650円～、素泊まり　6,650円～

お食事　※要予約
1人 1,500円～

ご宴会　※要予約(3～10名様)
1人 3,000円～

日帰り入浴　※予約制(貸切１時間)
12：00～17：00（不定休）
大人 1,000円　子ども 400円","昭和９年創業。その昔「湯場」として地元の人々に愛されてきた老舗の温泉旅館。

お料理は地元の食材を使用し、季節感を大切にした家庭的な和食が中心です。

温泉は、人皇７代孝霊天皇の御代に発見されました。吉備津彦命の伝説が残る湯は㏗9.8と高く別名「美人の湯」と呼ばれ、湯上りの肌はしっとりとなめらかで湯冷めもしにくいと評判です。

またその昔、漢学者の頼山陽、山田方谷が来遊し、天保１３年に方谷が入湯した際、竹荘の美しさを詠んだ漢詩が残っています。

 

＜民話＞
吉備津彦命と鷺の巣温泉
ずーっとずっと昔のこと、竹荘にはぎょうさん鬼がおったそうな。この鬼は総社の鬼ノ城の方からやって来て住み着いた。そして苦労して作った作物を荒らしたり、盗んだり、女や子どもをさろうたりと、悪いことばかりしとったと・・・・

 

※掲載情報は変更となる場合がございます。
最新情報・詳細につきましては各スポットまでお問い合わせください。",,,,
小林豊稔堂,,お土産 グルメ スイーツ テイクアウト パン ファミリー ランチ 地産地消 買い物,吉備中央町竹荘494-1,"34.8616761,133.6912832",https://kibichuo-kanko.jp/kanko/wp-content/uploads/2022/11/s640-18-600x400.png,0866-54-1014,http://kobayashi-honendo.com,,,,"https://www.google.com/maps/place/(%E6%9C%89)%E5%B0%8F%E6%9E%97%E8%B1%8A%E7%A8%94%E5%A0%82/@34.8616761,133.6912832,21z/data=!4m5!3m4!1s0x3556af68c2dbde97:0x7206be629e3f19bb!8m2!3d34.861657!4d133.691353","#### 定休日
元旦のみ

#### 営業時間
7:00〜19:00","吉備高原の豊かな自然に育まれた食材を使い、安心・安全な手づくりパン・スイーツを製造、販売しています。

種類豊富なパンや和菓子、洋菓子が取り揃えた地元に愛される素朴な雰囲気のお店です。
溶けない不思議な「くずアイスキャンディー」などお土産や贈り物用の商品も多数あります。

小腹が空いたらぜひこちらへ。

 

※掲載情報は変更となる場合がございます。
　最新情報・詳細につきましては各スポットまでお問い合わせください。",,,,
大久保屋／藤創,,グルメ スイーツ テイクアウト ファミリー ランチ 和食 地産地消 買い物,吉備中央町竹荘789-4,"34.8624199,133.6925285",https://kibichuo-kanko.jp/kanko/wp-content/uploads/2022/11/s640-17-600x400.png,0866-54-1413,https://ameblo.jp/md2008420hym,,https://www.instagram.com/ookuboya.fujisou/,,"https://www.google.com/maps/place/%E5%A4%A7%E4%B9%85%E4%BF%9D%E5%B1%8B/@34.8624199,133.6925285,19.17z/data=!4m5!3m4!1s0x3556af67d6776ad1:0xee4bb6f4c8dcaf88!8m2!3d34.862658!4d133.69303","#### 営業日
水～金曜

#### 営業時間
11:00〜13:00","日本に古くから伝わる伝統調味料、麹調味料を使用した “心とからだが喜ぶ「おうちごはん弁当」”を販売する、町で評判のお弁当屋さん。お惣菜も購入できます。

ハイキングやピクニックなど、アウトドアでお出かけの際にぴったりです。

手作りの米粉のシフォンケーキもあり、ふわふわしっとりとした食感でお土産にも◎。

 

※掲載情報は変更となる場合がございます。
最新情報・詳細につきましてはInstagaramアカウントよりご確認ください。",,,,
ふくねこ屋,,グルメ ファミリー ランチ 和食 地産地消 癒し,吉備中央町豊野2810,"34.8841296,133.7100312",https://kibichuo-kanko.jp/kanko/wp-content/uploads/2022/11/s640-15-600x400.png,080-5757-2850,,,,,"https://www.google.com/maps/place/%E3%81%B5%E3%81%8F%E3%81%AD%E3%81%93%E5%B1%8B/@34.8841296,133.7100312,20.08z/data=!4m5!3m4!1s0x3556a518dbb4ab29:0xe6d9ac1e2daa311f!8m2!3d34.8842603!4d133.7103206","#### 定休日
月曜日

#### 営業時間
11:00〜14:00","メニューは日替わりお膳の１種類のみ。

野菜は店主ご家族の野菜ソムリエの手で栽培されたものを使用され
さらにお茶はハト麦を主体に、薬草がブレンドされたオリジナルの「ふくねこ茶」を提供しています。

お手頃価格でこだわりある、心のこもった一品たちに満足すること間違いなしです。

 

※掲載情報は変更となる場合がございます。
　最新情報・詳細につきましては各スポットまでお問い合わせください。",,,,
だがしやこばちゃん２号店,,ファミリー 買い物,吉備中央町湯山905-5 （生活マートこばやし）,"34.8554159,133.7361966",https://kibichuo-kanko.jp/kanko/wp-content/uploads/2022/11/s640-14-600x400.png,0866-54-1503,,,https://www.instagram.com/dagashiya_kobachan/,,"https://www.google.com/maps/place/%E7%94%9F%E6%B4%BB%E3%83%9E%E3%83%BC%E3%83%88%E3%81%93%E3%81%B0%E3%82%84%E3%81%97/@34.8554159,133.7361966,17.06z/data=!4m5!3m4!1s0x3556a626ab626587:0x1da071737acaa3bb!8m2!3d34.8554888!4d133.7384093","#### 定休日
木曜日

#### 営業時間
平日：10:00～18:00　土日祝：10:00～17:00","子どもも大人も楽しめる駄菓子のお店。生活マートこばやしの中にあります。
昔懐かしい商品や最近人気のお菓子まで、リーズナブルに買い物を楽しめます。

1号店は、吉備高原都市の中心施設「きびプラザ」内で営業しています。
9:00～19:00 で年中無休ですのでこちらもご利用ください。

 

※掲載情報は変更となる場合がございます。
　最新情報・詳細につきましては各スポットまでお問い合わせください。",,,,
お祭り会館,,ツーリング ファミリー 加茂大祭 散策 歴史・文化 神社・仏閣 祭り 記念館・資料館,吉備中央町加茂市場1565,"34.8660459,133.7587679",https://kibichuo-kanko.jp/kanko/wp-content/uploads/2022/11/s640-13-600x400.png,0867-35-0039,https://www.town.kibichuo.lg.jp/site/kanko/42.html,,,,"https://www.google.com/maps/place/%E5%90%89%E5%82%99%E4%B8%AD%E5%A4%AE%E7%94%BA+%E3%81%8A%E7%A5%AD%E3%82%8A%E4%BC%9A%E9%A4%A8/@34.8660459,133.7587679,18.97z/data=!4m5!3m4!1s0x3556a7b10f82554b:0x19910c39320908a9!8m2!3d34.8660498!4d133.7590266","#### 営業日
土曜・日曜・祝日

#### 営業時間
10:00〜16:00

#### 料金
一般310円、高・大学生210円、 小・中学生110円","寄宮祭として950年以上の伝統を誇る県下三大祭りのひとつである加茂大祭を中心とした町内各地のお祭りを展示し、貴重な文化遺産として保存・伝承している資料館です。総社宮の向かいにあります。


 

※掲載情報は変更となる場合がございます。
最新情報・詳細につきましては各スポットまでお問い合わせください。",,,,
あわい,,カフェ グルメ スイーツ ツーリング デート テイクアウト ランチ 古民家 癒し,吉備中央町和田1527,"34.8854799,133.7454464",https://kibichuo-kanko.jp/kanko/wp-content/uploads/2022/11/s640-12-600x400.png,070-4726-8461,,,https://www.instagram.com/awai_kurashi/,,"https://www.google.com/maps/place/%E3%81%82%E3%82%8F%E3%81%84/@34.8854799,133.7454464,18.48z/data=!4m5!3m4!1s0x3556a718c5fab071:0x4282b5702625fce!8m2!3d34.885407!4d133.746531","#### 営業日
金曜・土曜・日曜

#### 営業時間
金曜・土曜：11:00〜18:00、日曜：12:00〜18:00","心地良い雰囲気のセルフリノベーション古民家喫茶。
自家焙煎のコーヒーや身体に優しいスイーツ、季節のスープやサンドイッチなど
様々なメニューで心も身体も満たしてくれます。

また店内には店主がセレクトした様々なジャンルの本が並んでおり、購入も可能です。
窓から見える自然豊かな景色を眺めながら、癒しのひとときをお過ごしください。

 

※掲載情報は変更となる場合がございます。
最新情報・詳細につきましては各スポットまでお問い合わせください。",,,,
Komori no Tsukinoshita,,カフェ カレー グルメ ゲストハウス スイーツ デート ランチ 古民家 和食 宿泊 癒し,吉備中央町小森1755,"34.9232145,133.8013482",https://kibichuo-kanko.jp/kanko/wp-content/uploads/2022/11/s640-10-600x400.png,050-5576-7858,http://tsukinoshita.main.jp,,https://www.instagram.com/komori_no_tsukinoshita/,,"https://www.google.com/maps/place/Komori+no+Tsukinoshita+%E5%B0%8F%E6%A3%AE%E3%81%AE%E3%83%84%E3%82%AD%E3%83%8E%E3%82%B7%E3%82%BF/@34.9232145,133.8013482,17z/data=!4m8!3m7!1s0x35541fec546c5059:0x32d59ceafbffa4c7!5m2!4m1!1i2!8m2!3d34.9231558!4d133.803439","#### 営業日
土曜・日曜・祝日

#### 営業時間（喫茶）
12:00〜22:00

#### 宿泊
年中無休","小森温泉の程近くにある癒し空間なカフェ。

鉄瓶と手挽きで淹れるオーガニックコーヒーや、旬のフルーツを使ったケーキ

季節の野菜を使ったカレー、小鉢が沢山のおばんざい御膳など、ランチやちょっとした休息にぴったり。

近くの母屋で宿泊も可能です。※宿泊の詳細・予約は各種SNSにて

 

※掲載情報は変更となる場合がございます。
　最新情報・詳細につきましては各スポットまでお問い合わせください。",,,,
三宅商店,,お土産 キャンプ グルメ ツーリング テイクアウト 散策 買い物,吉備中央町小森1881,"34.9181489,133.8009791",https://kibichuo-kanko.jp/kanko/wp-content/uploads/2022/11/s640-9-600x400.png,0867-34-9030,https://miyakeshoten.base.shop,,,,"https://www.google.com/maps/place/%E4%B8%89%E5%AE%85%E5%95%86%E5%BA%97+%E5%B0%8F%E6%A3%AE%E6%B8%A9%E6%B3%89%E5%89%8D%E5%BA%97/@34.9181489,133.8009791,20.74z/data=!4m5!3m4!1s0x35541e3b49f3ffff:0x507b70318bda0374!8m2!3d34.9182789!4d133.8010006","#### 定休日
水曜

#### 営業時間
10:00〜17:00","食品や衣料品など、オーガニックな商品が揃うお店。
セルフリノベーションした漆喰塗りの壁やアップサイクルの床材を使用した内装が目を惹きます。
数量限定で町内外から集まる人気店のパンやお弁当には、なかなか手に入りにくい逸品も。

また小森オートキャンプ場のご予約・受付も店舗で行っています。
小森オートキャンプ場についての詳細はこちら。

 

※掲載情報は変更となる場合がございます。
最新情報・詳細につきましては各スポットまでお問い合わせください。",,,,
小森温泉,,ツーリング ファミリー 宿泊 温泉 癒し 自然,吉備中央町小森245,"34.9171558,133.8017527",https://kibichuo-kanko.jp/kanko/wp-content/uploads/2022/11/s640-8-600x400.png,0867-34-0015,http://komorionsen.web.fc2.com,,https://www.instagram.com/miyake_shoten_official/,,"https://www.google.com/maps/place/%E5%B0%8F%E6%A3%AE%E6%B8%A9%E6%B3%89/@34.9171558,133.8017527,20.06z/data=!4m5!3m4!1s0x35541e3b6898f507:0x6da0c4b0280e1aea!8m2!3d34.917146!4d133.801829","#### 休業日
※臨時休業あり　TELにてご確認ください。

####営業時間
平日 11:00〜16:30、土・日 11:00〜18:00

#### 温泉のみ料金
大人630円 子ども450円

#### 宿泊(2名以上で受付可)
土曜のみ

#### 宿泊料金(1泊2食)
11,150円","古くは備前藩主池田継政が湯治場として開発したという由緒ある温泉。

とろみのあるお湯と レトロな佇まいはファンが数多くいらっしゃいます。

 

※掲載情報は変更となる場合がございます。
最新情報・詳細につきましては各スポットまでお問い合わせください。",,,,
本宮山 円城寺,,ツーリング 散策 歴史・文化 神社・仏閣 自然,吉備中央町円城742,"34.8920505,133.8051205",https://kibichuo-kanko.jp/kanko/wp-content/uploads/2022/11/s640-7-600x400.png,0867-34-0004,http://www.enjouji.net,,,,"https://www.google.com/maps/place/%E6%9C%AC%E5%AE%AE%E5%B1%B1+%E5%86%86%E5%9F%8E%E5%AF%BA/@34.8920505,133.8051205,18.78z/data=!4m5!3m4!1s0x35541df9c8cae4f1:0xc114a5107d0d72db!8m2!3d34.8921415!4d133.8059774",,"開山1300年以上の歴史を持つ天台宗のお寺です。

本堂の天井には植物、動物などが描かれた判じ物の絵があるほか、神仏習合の考えにより境内には提婆宮があります。

 

＜円城寺に関わる民話＞
キュウモウ狸
キュウモウ狸が、円城の細田の娘さんを拐かして、悪さばかりするから、村の人がなんとかしてくれえいうて、円城寺の住職に頼んだ。
そしたら、円城寺の住職と法力合戦になって、円城寺の住職が勝って、なにやらに押し込めたいうんでしょう。・・・・

加茂の提婆…
円城寺にある提婆宮にはいろいろと伝説が残っています。その中の一つのちょっと怖い話です。
",,,,
道の駅 かもがわ円城,,お土産 くさぎ菜のかけめし グルメ ツーリング テイクアウト ファミリー ブッポウソウ ランチ レストラン 和食 地産地消 果物 米 買い物 農産物 野菜,吉備中央町上田西2325-1,"34.8928085,133.8139473",https://kibichuo-kanko.jp/kanko/wp-content/uploads/2022/11/s640-4-600x400.png,0867-34-1717,https://www.town.kibichuo.lg.jp/site/kanko/47.html,,https://www.instagram.com/kamogawaenjo/,,"https://www.google.co.jp/maps/place/+/@34.8928085,133.8117586,17z/data=!3m1!4b1!4m5!3m4!1s0x35541e74163c3f13:0x2ba3f1ff9aace2a7!8m2!3d34.8928099!4d133.8140946?hl=ja","#### 直売所　営業時間
8:30〜17:00　年末年始休み

#### 駐車場
普通車78台、大型車3台、多目的2台","県内外にも有名な「円城白菜」やそれを漬けた名物「加茂川キムチ」など
新鮮な農作物や加工品が豊富な直売所がある道の駅。
特に秋から冬にかけて所狭しと並ぶ大きな「円城白菜」は壮観の一言。

 

敷地内には本格手打ち蕎麦屋「品野屋」や、うどん店がありお腹も満たせます。
うどん店では、文化庁の１００年フードに認定された郷土料理の「くさぎ菜のかけめし」を
お召し上がりいただけます。江戸時代から続く滋味溢れる味をお楽しみください。

 

毎年５月頃には、森の宝石と呼ばれる渡り鳥のブッポウソウの飛来が観測されます。
「品野屋」奥には、ブッポウソウの巣箱と数名が入れる観察小屋があり
うどん店近くのお休み処ではブッポウソウの巣箱のライブ映像をご覧いただけます。

◆観察時に注意すること

 

↓関連施設の情報はこちら↓
品野屋：https://kibichuo-kanko.jp/spot/6106/
うどん店：https://kibichuo-kanko.jp/spot/6142/

 

※掲載情報は変更となる場合がございます。
最新情報・詳細につきましては各スポットまでお問い合わせください。",,,,
flower and cafe 花空間 ivory,,アクティビティ カフェ グルメ スイーツ デート ランチ レストラン 癒し 自然 買い物,吉備中央町上田西1331,"34.8828619,133.7955993",https://kibichuo-kanko.jp/kanko/wp-content/uploads/2022/11/s640-3-600x400.png,0867-34-9500,https://hanaivory.exblog.jp,,https://www.instagram.com/ivory_flower_and_cafe/,,"https://www.google.com/maps/place/Flower+and+cafe+%E8%8A%B1%E7%A9%BA%E9%96%93+ivory/@34.8828619,133.7950521,245m/data=!3m2!1e3!4b1!4m5!3m4!1s0x35541df3f4c80b55:0x11423f4c6765b2d5!8m2!3d34.8828701!4d133.7955661","#### 定休日
火曜、水曜（祝日の場合は営業）

#### 営業時間
10:00〜18:00","たくさんの植物でデザインされた隠れ家カフェ。

素敵な花々や緑のレイアウトにはフローリストである店主のセンスが光ります。

植物を愛でながら、スイーツや紅茶を楽しみましょう。

 

また月に1回開催しているフラワーアレンジメントのレッスンも好評です。

◎レッスン例◎
ドライフラワーになる花で作る【アレンジメント教室】
・13時30分〜15時30分
・5400円(ウエルカムドリンクと美味しいお菓子付き）

 

※掲載情報は変更となる場合がございます。
　最新情報・詳細につきましては各スポットまでお問い合わせください。",,,,
ウマカフェ,,アウトドア アクティビティ カフェ グルメ デート ファミリー ランチ レストラン 散策 自然,吉備中央町上田西2393-11（岡山乗馬倶楽部内,"34.874336,133.840134",https://kibichuo-kanko.jp/kanko/wp-content/uploads/2022/11/s640-2-600x400.png,0867-34-9911,http://okayama-jobaclub.com/umacafe/,,https://www.instagram.com/okayamajobaclub/,https://www.youtube.com/channel/UCt-PCJBoX51W8V8fzWfSBog,"https://www.google.co.jp/maps/place/%E5%B2%A1%E5%B1%B1%E4%B9%97%E9%A6%AC%E5%80%B6%E6%A5%BD%E9%83%A8/@34.874336,133.840134,17z/data=!4m5!3m4!1s0x0:0x6130295e3c6af110!8m2!3d34.874336!4d133.842328","#### 定休日
月曜・火曜（祝日の場合は営業）

#### 営業時間
10:00〜16:00（ランチタイム／土日祝：11:30-14:00）","岡山乗馬倶楽部のクラブハウス内にあるカフェ。

土日祝限定で吉備中央町の旬の食材を使用した日替わりランチをいただけます。

 

※掲載情報は変更となる場合がございます。
最新情報・詳細につきましては各スポットまでお問い合わせください。",,,,
アラビアータマンマ,,イタリアン グルメ デート ファミリー ランチ レストラン 地産地消,吉備中央町下加茂1074-4,"34.8603855,133.810896",https://kibichuo-kanko.jp/kanko/wp-content/uploads/2022/11/edec00998f5ac8d2f6bc035141285069-600x400.jpg,0867-34-9033,,,https://www.instagram.com/arabian2601/,,"https://www.google.com/maps/place/%E3%82%A2%E3%83%A9%E3%83%93%E3%82%A2%E3%83%BC%E3%82%BF+%E3%83%9E%E3%83%B3%E3%83%9E/@34.8603855,133.810896,18.59z/data=!4m5!3m4!1s0x35541da25e7fdfdb:0x8a9e250b5631bdb3!8m2!3d34.8605909!4d133.811324","#### 定休日
月曜・火曜

#### 営業時間
11:00〜15:00（ラストオーダー14:30）","石窯で焼いたもちもちの絶品ナポリピッツアと

地元の旬な野菜で彩られた野菜ソムリエのピッコロサラダが名物のイタリアンレストラン。

 

「宇甘渓」や「かたやま邸」の近くにあります。

雅な風景を楽しんだ後はぜひこちらで舌鼓を。

 

※掲載情報は変更となる場合がございます。
　最新情報・詳細につきましては各スポットまでお問い合わせください。",,,,
